source_dataset,target_dataset,task,path
clean.tire24DailyPricing,ped.b2b,B2BTask,https://bitbucket.org/emea_cf/datalake-ped/src/master/datalake-ped-jobs/src/main/scala/com/goodyear/datalake/ped/jobs/b2b/B2BTask.scala
clean.zero7zrPricing,ped.b2b,B2BTask,https://bitbucket.org/emea_cf/datalake-ped/src/master/datalake-ped-jobs/src/main/scala/com/goodyear/datalake/ped/jobs/b2b/B2BTask.scala
clean.platformaOpon,ped.b2b,B2BTask,https://bitbucket.org/emea_cf/datalake-ped/src/master/datalake-ped-jobs/src/main/scala/com/goodyear/datalake/ped/jobs/b2b/B2BTask.scala
clean.country,ped.b2b,B2BTask,https://bitbucket.org/emea_cf/datalake-ped/src/master/datalake-ped-jobs/src/main/scala/com/goodyear/datalake/ped/jobs/b2b/B2BTask.scala
clean.tire24DailyPricing,ped.b2bDaily,B2BDailyTask,https://bitbucket.org/emea_cf/datalake-ped/src/master/datalake-ped-jobs/src/main/scala/com/goodyear/datalake/ped/jobs/b2bdaily/B2BDailyTask.scala
clean.zero7zrPricing,ped.b2bDaily,B2BDailyTask,https://bitbucket.org/emea_cf/datalake-ped/src/master/datalake-ped-jobs/src/main/scala/com/goodyear/datalake/ped/jobs/b2bdaily/B2BDailyTask.scala
clean.platformaOpon,ped.b2bDaily,B2BDailyTask,https://bitbucket.org/emea_cf/datalake-ped/src/master/datalake-ped-jobs/src/main/scala/com/goodyear/datalake/ped/jobs/b2bdaily/B2BDailyTask.scala
clean.country,ped.b2bDaily,B2BDailyTask,https://bitbucket.org/emea_cf/datalake-ped/src/master/datalake-ped-jobs/src/main/scala/com/goodyear/datalake/ped/jobs/b2bdaily/B2BDailyTask.scala
clean.lizeoWeeklyPricing,ped.b2c,B2CTask,https://bitbucket.org/emea_cf/datalake-ped/src/master/datalake-ped-jobs/src/main/scala/com/goodyear/datalake/ped/jobs/b2c/B2CTask.scala
clean.knowtrexSinglePlatform,ped.b2c,B2CTask,https://bitbucket.org/emea_cf/datalake-ped/src/master/datalake-ped-jobs/src/main/scala/com/goodyear/datalake/ped/jobs/b2c/B2CTask.scala
clean.knowtrexSinglePlatformV2,ped.b2c,B2CTask,https://bitbucket.org/emea_cf/datalake-ped/src/master/datalake-ped-jobs/src/main/scala/com/goodyear/datalake/ped/jobs/b2c/B2CTask.scala
clean.country,ped.b2c,B2CTask,https://bitbucket.org/emea_cf/datalake-ped/src/master/datalake-ped-jobs/src/main/scala/com/goodyear/datalake/ped/jobs/b2c/B2CTask.scala
clean.lizeoWeeklyPricing,ped.b2cDaily,B2CDailyTask,https://bitbucket.org/emea_cf/datalake-ped/src/master/datalake-ped-jobs/src/main/scala/com/goodyear/datalake/ped/jobs/b2cdaily/B2CDailyTask.scala
clean.knowtrexSinglePlatform,ped.b2cDaily,B2CDailyTask,https://bitbucket.org/emea_cf/datalake-ped/src/master/datalake-ped-jobs/src/main/scala/com/goodyear/datalake/ped/jobs/b2cdaily/B2CDailyTask.scala
clean.knowtrexSinglePlatformV2,ped.b2cDaily,B2CDailyTask,https://bitbucket.org/emea_cf/datalake-ped/src/master/datalake-ped-jobs/src/main/scala/com/goodyear/datalake/ped/jobs/b2cdaily/B2CDailyTask.scala
clean.knowtrexMarketPlatform,ped.b2cDaily,B2CDailyTask,https://bitbucket.org/emea_cf/datalake-ped/src/master/datalake-ped-jobs/src/main/scala/com/goodyear/datalake/ped/jobs/b2cdaily/B2CDailyTask.scala
clean.knowtrexMarketPlatformV2,ped.b2cDaily,B2CDailyTask,https://bitbucket.org/emea_cf/datalake-ped/src/master/datalake-ped-jobs/src/main/scala/com/goodyear/datalake/ped/jobs/b2cdaily/B2CDailyTask.scala
clean.country,ped.b2cDaily,B2CDailyTask,https://bitbucket.org/emea_cf/datalake-ped/src/master/datalake-ped-jobs/src/main/scala/com/goodyear/datalake/ped/jobs/b2cdaily/B2CDailyTask.scala
clean.beadbarCodeEvent,ped.beadBarCode,BeadBarCodeTask,https://bitbucket.org/emea_cf/datalake-ped/src/master/datalake-ped-jobs/src/main/scala/com/goodyear/datalake/ped/jobs/beadbarcode/BeadBarCodeTask.scala
clean.edwCustomers,ped.beadBarCode,BeadBarCodeTask,https://bitbucket.org/emea_cf/datalake-ped/src/master/datalake-ped-jobs/src/main/scala/com/goodyear/datalake/ped/jobs/beadbarcode/BeadBarCodeTask.scala
mdm.countryHierarchy,ped.beadBarCode,BeadBarCodeTask,https://bitbucket.org/emea_cf/datalake-ped/src/master/datalake-ped-jobs/src/main/scala/com/goodyear/datalake/ped/jobs/beadbarcode/BeadBarCodeTask.scala
clean.beadbarCodeScanLog,ped.beadBarCodeScanLog,BeadBarCodeAppTask,https://bitbucket.org/emea_cf/datalake-ped/src/master/datalake-ped-jobs/src/main/scala/com/goodyear/datalake/ped/jobs/beadbarcodeapp/BeadBarCodeAppTask.scala
clean.edwCustomers,ped.beadBarCodeScanLog,BeadBarCodeAppTask,https://bitbucket.org/emea_cf/datalake-ped/src/master/datalake-ped-jobs/src/main/scala/com/goodyear/datalake/ped/jobs/beadbarcodeapp/BeadBarCodeAppTask.scala
mdm.countryHierarchy,ped.beadBarCodeScanLog,BeadBarCodeAppTask,https://bitbucket.org/emea_cf/datalake-ped/src/master/datalake-ped-jobs/src/main/scala/com/goodyear/datalake/ped/jobs/beadbarcodeapp/BeadBarCodeAppTask.scala
mdm.marketShareConsumerReplacementSemester,ped.consumerMarketShareBasketSizeTypeCoverage,ConsumerMarketShareBasketSizeTypeCoverageTask,https://bitbucket.org/emea_cf/datalake-ped/src/master/datalake-ped-jobs/src/main/scala/com/goodyear/datalake/ped/jobs/consumermarketsharebasketsizetypecoverage/ConsumerMarketShareBasketSizeTypeCoverageTask.scala
clean.groupedToBasketSizeTypeMapping,ped.consumerMarketShareBasketSizeTypeCoverage,ConsumerMarketShareBasketSizeTypeCoverageTask,https://bitbucket.org/emea_cf/datalake-ped/src/master/datalake-ped-jobs/src/main/scala/com/goodyear/datalake/ped/jobs/consumermarketsharebasketsizetypecoverage/ConsumerMarketShareBasketSizeTypeCoverageTask.scala
mdm.marketShareConsumerReplacementSemester,ped.consumerMarketShareCoverage,ConsumerMarketShareCoverageTask,https://bitbucket.org/emea_cf/datalake-ped/src/master/datalake-ped-jobs/src/main/scala/com/goodyear/datalake/ped/jobs/consumermarketsharecoverage/ConsumerMarketShareCoverageTask.scala
ped.netSalesWeightingBasket2020SizeType,ped.consumerNetSalesBasketSizeTypeCoverage,ConsumerNetSalesBasketSizeTypeCoverageTask,https://bitbucket.org/emea_cf/datalake-ped/src/master/datalake-ped-jobs/src/main/scala/com/goodyear/datalake/ped/jobs/consumernetsalesbasketsizetypecoverage/ConsumerNetSalesBasketSizeTypeCoverageTask.scala
ped.netSalesWeighting,ped.consumerNetSalesCoverage,ConsumerNetSalesCoverageTask,https://bitbucket.org/emea_cf/datalake-ped/src/master/datalake-ped-jobs/src/main/scala/com/goodyear/datalake/ped/jobs/consumernetsalescoverage/ConsumerNetSalesCoverageTask.scala
clean.floorPrice,ped.floorPriceEan,FloorPriceEanTask,https://bitbucket.org/emea_cf/datalake-ped/src/master/datalake-ped-jobs/src/main/scala/com/goodyear/datalake/ped/jobs/floorpriceean/FloorPriceEanTask.scala
mdm.tireMaster,ped.floorPriceEan,FloorPriceEanTask,https://bitbucket.org/emea_cf/datalake-ped/src/master/datalake-ped-jobs/src/main/scala/com/goodyear/datalake/ped/jobs/floorpriceean/FloorPriceEanTask.scala
mdm.gfkConsumer,ped.gfkconsumerbasketsizetype,GFKConsumerBasketSizeTypeTask,https://bitbucket.org/emea_cf/datalake-ped/src/master/datalake-ped-jobs/src/main/scala/com/goodyear/datalake/ped/jobs/gfkconsumerbasketsizetype/GFKConsumerBasketSizeTypeTask.scala
clean.designMappingGFKGoodyear,ped.gfkconsumerbasketsizetype,GFKConsumerBasketSizeTypeTask,https://bitbucket.org/emea_cf/datalake-ped/src/master/datalake-ped-jobs/src/main/scala/com/goodyear/datalake/ped/jobs/gfkconsumerbasketsizetype/GFKConsumerBasketSizeTypeTask.scala
clean.groupedToBasketSizeTypeMapping,ped.gfkconsumerbasketsizetype,GFKConsumerBasketSizeTypeTask,https://bitbucket.org/emea_cf/datalake-ped/src/master/datalake-ped-jobs/src/main/scala/com/goodyear/datalake/ped/jobs/gfkconsumerbasketsizetype/GFKConsumerBasketSizeTypeTask.scala
clean.orderToCashMart,ped.greyBlueMarketAnalytics,GreyBlueMarketAnalyticsTask,https://bitbucket.org/emea_cf/datalake-ped/src/master/datalake-ped-jobs/src/main/scala/com/goodyear/datalake/ped/jobs/greybluemarketanalytics/GreyBlueMarketAnalyticsTask.scala
ped.beadBarCode,ped.greyBlueMarketAnalytics,GreyBlueMarketAnalyticsTask,https://bitbucket.org/emea_cf/datalake-ped/src/master/datalake-ped-jobs/src/main/scala/com/goodyear/datalake/ped/jobs/greybluemarketanalytics/GreyBlueMarketAnalyticsTask.scala
clean.edwCustomers,ped.greyBlueMarketAnalytics,GreyBlueMarketAnalyticsTask,https://bitbucket.org/emea_cf/datalake-ped/src/master/datalake-ped-jobs/src/main/scala/com/goodyear/datalake/ped/jobs/greybluemarketanalytics/GreyBlueMarketAnalyticsTask.scala
mdm.countryHierarchy,ped.greyBlueMarketAnalytics,GreyBlueMarketAnalyticsTask,https://bitbucket.org/emea_cf/datalake-ped/src/master/datalake-ped-jobs/src/main/scala/com/goodyear/datalake/ped/jobs/greybluemarketanalytics/GreyBlueMarketAnalyticsTask.scala
mdm.tireMaster,ped.greyBlueMarketAnalytics,GreyBlueMarketAnalyticsTask,https://bitbucket.org/emea_cf/datalake-ped/src/master/datalake-ped-jobs/src/main/scala/com/goodyear/datalake/ped/jobs/greybluemarketanalytics/GreyBlueMarketAnalyticsTask.scala
clean.copa,ped.greyBlueMarketAnalyticsBilling,GreyBlueMarketAnalyticsBillingTask,https://bitbucket.org/emea_cf/datalake-ped/src/master/datalake-ped-jobs/src/main/scala/com/goodyear/datalake/ped/jobs/greybluemarketanalyticsbilling/GreyBlueMarketAnalyticsBillingTask.scala
clean.floorPrice,ped.greyBlueMarketAnalyticsBilling,GreyBlueMarketAnalyticsBillingTask,https://bitbucket.org/emea_cf/datalake-ped/src/master/datalake-ped-jobs/src/main/scala/com/goodyear/datalake/ped/jobs/greybluemarketanalyticsbilling/GreyBlueMarketAnalyticsBillingTask.scala
clean.edwCustomers,ped.greyBlueMarketAnalyticsBilling,GreyBlueMarketAnalyticsBillingTask,https://bitbucket.org/emea_cf/datalake-ped/src/master/datalake-ped-jobs/src/main/scala/com/goodyear/datalake/ped/jobs/greybluemarketanalyticsbilling/GreyBlueMarketAnalyticsBillingTask.scala
mdm.countryHierarchy,ped.greyBlueMarketAnalyticsBilling,GreyBlueMarketAnalyticsBillingTask,https://bitbucket.org/emea_cf/datalake-ped/src/master/datalake-ped-jobs/src/main/scala/com/goodyear/datalake/ped/jobs/greybluemarketanalyticsbilling/GreyBlueMarketAnalyticsBillingTask.scala
clean.netSales,ped.netSalesWeighting,NetSalesWeightingTask,https://bitbucket.org/emea_cf/datalake-ped/src/master/datalake-ped-jobs/src/main/scala/com/goodyear/datalake/ped/jobs/netsalesweighting/NetSalesWeightingTask.scala
mdm.consumerTireMaster,ped.netSalesWeighting,NetSalesWeightingTask,https://bitbucket.org/emea_cf/datalake-ped/src/master/datalake-ped-jobs/src/main/scala/com/goodyear/datalake/ped/jobs/netsalesweighting/NetSalesWeightingTask.scala
clean.netSales,ped.netSalesWeightingBasket2020SizeType,NetSalesWeightingBasket2020SizeTypeTask,https://bitbucket.org/emea_cf/datalake-ped/src/master/datalake-ped-jobs/src/main/scala/com/goodyear/datalake/ped/jobs/netsalesweightingbasket2020sizetype/NetSalesWeightingBasket2020SizeTypeTask.scala
ped.tireMaster,ped.netSalesWeightingBasket2020SizeType,NetSalesWeightingBasket2020SizeTypeTask,https://bitbucket.org/emea_cf/datalake-ped/src/master/datalake-ped-jobs/src/main/scala/com/goodyear/datalake/ped/jobs/netsalesweightingbasket2020sizetype/NetSalesWeightingBasket2020SizeTypeTask.scala
clean.platformCustomerMapping,ped.platformCustomerMappingCalc,PlatformCustomerMappingCalcTask,https://bitbucket.org/emea_cf/datalake-ped/src/master/datalake-ped-jobs/src/main/scala/com/goodyear/datalake/ped/jobs/platformcustomermappingcalc/PlatformCustomerMappingCalcTask.scala
clean.edwCustomers,ped.platformCustomerMappingCalc,PlatformCustomerMappingCalcTask,https://bitbucket.org/emea_cf/datalake-ped/src/master/datalake-ped-jobs/src/main/scala/com/goodyear/datalake/ped/jobs/platformcustomermappingcalc/PlatformCustomerMappingCalcTask.scala
clean.customerHierarchy,ped.platformCustomerMappingCalc,PlatformCustomerMappingCalcTask,https://bitbucket.org/emea_cf/datalake-ped/src/master/datalake-ped-jobs/src/main/scala/com/goodyear/datalake/ped/jobs/platformcustomermappingcalc/PlatformCustomerMappingCalcTask.scala
ped.b2b,ped.pricinganalytics,PricingAnalyticsTask,https://bitbucket.org/emea_cf/datalake-ped/src/master/datalake-ped-jobs/src/main/scala/com/goodyear/datalake/ped/jobs/pricinganalytics/PricingAnalyticsTask.scala
ped.b2c,ped.pricinganalytics,PricingAnalyticsTask,https://bitbucket.org/emea_cf/datalake-ped/src/master/datalake-ped-jobs/src/main/scala/com/goodyear/datalake/ped/jobs/pricinganalytics/PricingAnalyticsTask.scala
ped.netSalesWeighting,ped.pricinganalytics,PricingAnalyticsTask,https://bitbucket.org/emea_cf/datalake-ped/src/master/datalake-ped-jobs/src/main/scala/com/goodyear/datalake/ped/jobs/pricinganalytics/PricingAnalyticsTask.scala
ped.tireMaster,ped.pricinganalytics,PricingAnalyticsTask,https://bitbucket.org/emea_cf/datalake-ped/src/master/datalake-ped-jobs/src/main/scala/com/goodyear/datalake/ped/jobs/pricinganalytics/PricingAnalyticsTask.scala
mdm.countryHierarchy,ped.pricinganalytics,PricingAnalyticsTask,https://bitbucket.org/emea_cf/datalake-ped/src/master/datalake-ped-jobs/src/main/scala/com/goodyear/datalake/ped/jobs/pricinganalytics/PricingAnalyticsTask.scala
mdm.consumerSizeMaster,ped.pricinganalytics,PricingAnalyticsTask,https://bitbucket.org/emea_cf/datalake-ped/src/master/datalake-ped-jobs/src/main/scala/com/goodyear/datalake/ped/jobs/pricinganalytics/PricingAnalyticsTask.scala
mdm.marketShareConsumerReplacementSemester,ped.pricinganalytics,PricingAnalyticsTask,https://bitbucket.org/emea_cf/datalake-ped/src/master/datalake-ped-jobs/src/main/scala/com/goodyear/datalake/ped/jobs/pricinganalytics/PricingAnalyticsTask.scala
ped.pricingAnalyticsWeeklyPlatformReporting,ped.pricinganalyticsbasketsizetype,PricingAnalyticsBasketSizeTypeTask,https://bitbucket.org/emea_cf/datalake-ped/src/master/datalake-ped-jobs/src/main/scala/com/goodyear/datalake/ped/jobs/pricinganalyticsbasketsizetype/PricingAnalyticsBasketSizeTypeTask.scala
ped.consumerNetSalesBasketSizeTypeCoverage,ped.pricinganalyticsbasketsizetype,PricingAnalyticsBasketSizeTypeTask,https://bitbucket.org/emea_cf/datalake-ped/src/master/datalake-ped-jobs/src/main/scala/com/goodyear/datalake/ped/jobs/pricinganalyticsbasketsizetype/PricingAnalyticsBasketSizeTypeTask.scala
ped.consumerMarketShareBasketSizeTypeCoverage,ped.pricinganalyticsbasketsizetype,PricingAnalyticsBasketSizeTypeTask,https://bitbucket.org/emea_cf/datalake-ped/src/master/datalake-ped-jobs/src/main/scala/com/goodyear/datalake/ped/jobs/pricinganalyticsbasketsizetype/PricingAnalyticsBasketSizeTypeTask.scala
ped.pricinganalytics,ped.pricinganalyticssizetype,PricingAnalyticsSizeTypeTask,https://bitbucket.org/emea_cf/datalake-ped/src/master/datalake-ped-jobs/src/main/scala/com/goodyear/datalake/ped/jobs/pricinganalyticssizetype/PricingAnalyticsSizeTypeTask.scala
ped.b2bDaily,ped.pricinganalyticsweeklyplatform,PricingAnalyticsWeeklyPlatformTask,https://bitbucket.org/emea_cf/datalake-ped/src/master/datalake-ped-jobs/src/main/scala/com/goodyear/datalake/ped/jobs/pricinganalyticsweeklyplatform/PricingAnalyticsWeeklyPlatformTask.scala
ped.b2cDaily,ped.pricinganalyticsweeklyplatform,PricingAnalyticsWeeklyPlatformTask,https://bitbucket.org/emea_cf/datalake-ped/src/master/datalake-ped-jobs/src/main/scala/com/goodyear/datalake/ped/jobs/pricinganalyticsweeklyplatform/PricingAnalyticsWeeklyPlatformTask.scala
ped.pricinganalyticsweeklyplatform,ped.pricingAnalyticsWeeklyPlatformReporting,PricingAnalyticsWeeklyPlatformReportingTask,https://bitbucket.org/emea_cf/datalake-ped/src/master/datalake-ped-jobs/src/main/scala/com/goodyear/datalake/ped/jobs/pricinganalyticsweeklyplatformreporting/PricingAnalyticsWeeklyPlatformReportingTask.scala
ped.tireMaster,ped.pricingAnalyticsWeeklyPlatformReporting,PricingAnalyticsWeeklyPlatformReportingTask,https://bitbucket.org/emea_cf/datalake-ped/src/master/datalake-ped-jobs/src/main/scala/com/goodyear/datalake/ped/jobs/pricinganalyticsweeklyplatformreporting/PricingAnalyticsWeeklyPlatformReportingTask.scala
ped.consumerNetSalesCoverage,ped.pricingAnalyticsWeeklyPlatformReporting,PricingAnalyticsWeeklyPlatformReportingTask,https://bitbucket.org/emea_cf/datalake-ped/src/master/datalake-ped-jobs/src/main/scala/com/goodyear/datalake/ped/jobs/pricinganalyticsweeklyplatformreporting/PricingAnalyticsWeeklyPlatformReportingTask.scala
ped.consumerMarketShareCoverage,ped.pricingAnalyticsWeeklyPlatformReporting,PricingAnalyticsWeeklyPlatformReportingTask,https://bitbucket.org/emea_cf/datalake-ped/src/master/datalake-ped-jobs/src/main/scala/com/goodyear/datalake/ped/jobs/pricinganalyticsweeklyplatformreporting/PricingAnalyticsWeeklyPlatformReportingTask.scala
ped.floorPriceEan,ped.pricingAnalyticsWeeklyPlatformReporting,PricingAnalyticsWeeklyPlatformReportingTask,https://bitbucket.org/emea_cf/datalake-ped/src/master/datalake-ped-jobs/src/main/scala/com/goodyear/datalake/ped/jobs/pricinganalyticsweeklyplatformreporting/PricingAnalyticsWeeklyPlatformReportingTask.scala
mdm.countryHierarchy,ped.pricingAnalyticsWeeklyPlatformReporting,PricingAnalyticsWeeklyPlatformReportingTask,https://bitbucket.org/emea_cf/datalake-ped/src/master/datalake-ped-jobs/src/main/scala/com/goodyear/datalake/ped/jobs/pricinganalyticsweeklyplatformreporting/PricingAnalyticsWeeklyPlatformReportingTask.scala
ped.weightingDesignSellin,ped.pricingAnalyticsWeeklyPlatformReporting,PricingAnalyticsWeeklyPlatformReportingTask,https://bitbucket.org/emea_cf/datalake-ped/src/master/datalake-ped-jobs/src/main/scala/com/goodyear/datalake/ped/jobs/pricinganalyticsweeklyplatformreporting/PricingAnalyticsWeeklyPlatformReportingTask.scala
ped.weightingDesignSellout,ped.pricingAnalyticsWeeklyPlatformReporting,PricingAnalyticsWeeklyPlatformReportingTask,https://bitbucket.org/emea_cf/datalake-ped/src/master/datalake-ped-jobs/src/main/scala/com/goodyear/datalake/ped/jobs/pricinganalyticsweeklyplatformreporting/PricingAnalyticsWeeklyPlatformReportingTask.scala
clean.sellinPricing,ped.sellin,SellinTask,https://bitbucket.org/emea_cf/datalake-ped/src/master/datalake-ped-jobs/src/main/scala/com/goodyear/datalake/ped/jobs/sellin/SellinTask.scala
mdm.tireMaster,ped.tireMaster,TireMasterTask,https://bitbucket.org/emea_cf/datalake-ped/src/master/datalake-ped-jobs/src/main/scala/com/goodyear/datalake/ped/jobs/tiremaster/TireMasterTask.scala
clean.knowtrexMasterData,ped.tireMaster,TireMasterTask,https://bitbucket.org/emea_cf/datalake-ped/src/master/datalake-ped-jobs/src/main/scala/com/goodyear/datalake/ped/jobs/tiremaster/TireMasterTask.scala
clean.zero7zrPricing,ped.tireMaster,TireMasterTask,https://bitbucket.org/emea_cf/datalake-ped/src/master/datalake-ped-jobs/src/main/scala/com/goodyear/datalake/ped/jobs/tiremaster/TireMasterTask.scala
clean.tire24DailyPricing,ped.tireMaster,TireMasterTask,https://bitbucket.org/emea_cf/datalake-ped/src/master/datalake-ped-jobs/src/main/scala/com/goodyear/datalake/ped/jobs/tiremaster/TireMasterTask.scala
clean.lizeoWeeklyPricing,ped.tireMaster,TireMasterTask,https://bitbucket.org/emea_cf/datalake-ped/src/master/datalake-ped-jobs/src/main/scala/com/goodyear/datalake/ped/jobs/tiremaster/TireMasterTask.scala
clean.activePricingProducts,ped.tireMaster,TireMasterTask,https://bitbucket.org/emea_cf/datalake-ped/src/master/datalake-ped-jobs/src/main/scala/com/goodyear/datalake/ped/jobs/tiremaster/TireMasterTask.scala
clean.brandToTierMapping,ped.tireMaster,TireMasterTask,https://bitbucket.org/emea_cf/datalake-ped/src/master/datalake-ped-jobs/src/main/scala/com/goodyear/datalake/ped/jobs/tiremaster/TireMasterTask.scala
mdm.consumerSizeMaster,ped.tireMaster,TireMasterTask,https://bitbucket.org/emea_cf/datalake-ped/src/master/datalake-ped-jobs/src/main/scala/com/goodyear/datalake/ped/jobs/tiremaster/TireMasterTask.scala
clean.groupedToBasketSizeTypeMapping,ped.tireMaster,TireMasterTask,https://bitbucket.org/emea_cf/datalake-ped/src/master/datalake-ped-jobs/src/main/scala/com/goodyear/datalake/ped/jobs/tiremaster/TireMasterTask.scala
clean.basketDefinition,ped.tireMaster,TireMasterTask,https://bitbucket.org/emea_cf/datalake-ped/src/master/datalake-ped-jobs/src/main/scala/com/goodyear/datalake/ped/jobs/tiremaster/TireMasterTask.scala
clean.vendavoTransactions,ped.vendavoTransactionsCalc,VendavoTransactionsCalcTask,https://bitbucket.org/emea_cf/datalake-ped/src/master/datalake-ped-jobs/src/main/scala/com/goodyear/datalake/ped/jobs/vendavotransactionscalc/VendavoTransactionsCalcTask.scala
clean.edwExchangeRates,ped.vendavoTransactionsCalc,VendavoTransactionsCalcTask,https://bitbucket.org/emea_cf/datalake-ped/src/master/datalake-ped-jobs/src/main/scala/com/goodyear/datalake/ped/jobs/vendavotransactionscalc/VendavoTransactionsCalcTask.scala
ped.vendavoTransactionsCalc,ped.weightingDesignSellin,WeightingDesignSellinTask,https://bitbucket.org/emea_cf/datalake-ped/src/master/datalake-ped-jobs/src/main/scala/com/goodyear/datalake/ped/jobs/weightingdesignsellin/WeightingDesignSellinTask.scala
ped.tireMaster,ped.weightingDesignSellin,WeightingDesignSellinTask,https://bitbucket.org/emea_cf/datalake-ped/src/master/datalake-ped-jobs/src/main/scala/com/goodyear/datalake/ped/jobs/weightingdesignsellin/WeightingDesignSellinTask.scala
mdm.tireMaster,ped.weightingDesignSellin,WeightingDesignSellinTask,https://bitbucket.org/emea_cf/datalake-ped/src/master/datalake-ped-jobs/src/main/scala/com/goodyear/datalake/ped/jobs/weightingdesignsellin/WeightingDesignSellinTask.scala
ped.weightingConfiguration,ped.weightingDesignSellin,WeightingDesignSellinTask,https://bitbucket.org/emea_cf/datalake-ped/src/master/datalake-ped-jobs/src/main/scala/com/goodyear/datalake/ped/jobs/weightingdesignsellin/WeightingDesignSellinTask.scala
ped.gfkconsumerbasketsizetype,ped.weightingDesignSellout,WeightingDesignSelloutTask,https://bitbucket.org/emea_cf/datalake-ped/src/master/datalake-ped-jobs/src/main/scala/com/goodyear/datalake/ped/jobs/weightingdesignsellout/WeightingDesignSelloutTask.scala
ped.weightingConfiguration,ped.weightingDesignSellout,WeightingDesignSelloutTask,https://bitbucket.org/emea_cf/datalake-ped/src/master/datalake-ped-jobs/src/main/scala/com/goodyear/datalake/ped/jobs/weightingdesignsellout/WeightingDesignSelloutTask.scala
manual.carAges,clean.carAges,CarAgeTask,https://bitbucket.org/emea_cf/datalake-cleansing/src/master/datalake-cleansing-jobs/src/main/scala/com/goodyear/datalake/cleansing/current/jobs/external/aligneddistribution/carage/CarAgeTask.scala
manual.channelMapping,clean.channelMapping,ChannelMappingTask,https://bitbucket.org/emea_cf/datalake-cleansing/src/master/datalake-cleansing-jobs/src/main/scala/com/goodyear/datalake/cleansing/current/jobs/external/aligneddistribution/channelmapping/ChannelMappingTask.scala
manual.driveTime,clean.driveTime,DriveTimeTask,https://bitbucket.org/emea_cf/datalake-cleansing/src/master/datalake-cleansing-jobs/src/main/scala/com/goodyear/datalake/cleansing/current/jobs/external/aligneddistribution/drivetime/DriveTimeTask.scala
manual.activationNational,clean.activationNational,ActivationNationalTask,https://bitbucket.org/emea_cf/datalake-cleansing/src/master/datalake-cleansing-jobs/src/main/scala/com/goodyear/datalake/cleansing/current/jobs/external/aligneddistribution/pforp/activationarea/national/ActivationNationalTask.scala
manual.activationNational,clean.activationNationalRejected,ActivationNationalTask,https://bitbucket.org/emea_cf/datalake-cleansing/src/master/datalake-cleansing-jobs/src/main/scala/com/goodyear/datalake/cleansing/current/jobs/external/aligneddistribution/pforp/activationarea/national/ActivationNationalTask.scala
manual.activationRegional,clean.activationRegional,ActivationRegionalTask,https://bitbucket.org/emea_cf/datalake-cleansing/src/master/datalake-cleansing-jobs/src/main/scala/com/goodyear/datalake/cleansing/current/jobs/external/aligneddistribution/pforp/activationarea/regional/ActivationRegionalTask.scala
manual.activationRegional,clean.activationRegionalRejected,ActivationRegionalTask,https://bitbucket.org/emea_cf/datalake-cleansing/src/master/datalake-cleansing-jobs/src/main/scala/com/goodyear/datalake/cleansing/current/jobs/external/aligneddistribution/pforp/activationarea/regional/ActivationRegionalTask.scala
manual.eraCoefficient,clean.eraCoefficient,EraCurrencyCoefficientTask,https://bitbucket.org/emea_cf/datalake-cleansing/src/master/datalake-cleansing-jobs/src/main/scala/com/goodyear/datalake/cleansing/current/jobs/external/aligneddistribution/pforp/availability/coefficient/EraCurrencyCoefficientTask.scala
manual.eraCoefficient,clean.eraCoefficientRejected,EraCurrencyCoefficientTask,https://bitbucket.org/emea_cf/datalake-cleansing/src/master/datalake-cleansing-jobs/src/main/scala/com/goodyear/datalake/cleansing/current/jobs/external/aligneddistribution/pforp/availability/coefficient/EraCurrencyCoefficientTask.scala
manual.rangeAvailability,clean.rangeAvailability,RangeAvailabilityTask,https://bitbucket.org/emea_cf/datalake-cleansing/src/master/datalake-cleansing-jobs/src/main/scala/com/goodyear/datalake/cleansing/current/jobs/external/aligneddistribution/pforp/availability/RangeAvailabilityTask.scala
manual.rangeAvailability,clean.rangeAvailabilityRejected,RangeAvailabilityTask,https://bitbucket.org/emea_cf/datalake-cleansing/src/master/datalake-cleansing-jobs/src/main/scala/com/goodyear/datalake/cleansing/current/jobs/external/aligneddistribution/pforp/availability/RangeAvailabilityTask.scala
manual.adWhitelist,yearLinks.goodDateAppend,SellOutValidateTask,https://bitbucket.org/emea_cf/datalake-cleansing/src/master/datalake-cleansing-jobs/src/main/scala/com/goodyear/datalake/cleansing/current/jobs/external/aligneddistribution/sellout/lizeo/validation/SellOutValidateTask.scala
manual.adWhitelist,yearLinks.blockers,SellOutValidateTask,https://bitbucket.org/emea_cf/datalake-cleansing/src/master/datalake-cleansing-jobs/src/main/scala/com/goodyear/datalake/cleansing/current/jobs/external/aligneddistribution/sellout/lizeo/validation/SellOutValidateTask.scala
manual.adWhitelist,yearLinks.blockers,SellOutValidateTask,https://bitbucket.org/emea_cf/datalake-cleansing/src/master/datalake-cleansing-jobs/src/main/scala/com/goodyear/datalake/cleansing/current/jobs/external/aligneddistribution/sellout/lizeo/validation/SellOutValidateTask.scala
manual.adWhitelist,yearLinks.goodDate,SellOutValidateTask,https://bitbucket.org/emea_cf/datalake-cleansing/src/master/datalake-cleansing-jobs/src/main/scala/com/goodyear/datalake/cleansing/current/jobs/external/aligneddistribution/sellout/lizeo/validation/SellOutValidateTask.scala
yearLinks.goodDate,yearLinks.goodDateAppend,SellOutValidateTask,https://bitbucket.org/emea_cf/datalake-cleansing/src/master/datalake-cleansing-jobs/src/main/scala/com/goodyear/datalake/cleansing/current/jobs/external/aligneddistribution/sellout/lizeo/validation/SellOutValidateTask.scala
yearLinks.goodDate,yearLinks.blockers,SellOutValidateTask,https://bitbucket.org/emea_cf/datalake-cleansing/src/master/datalake-cleansing-jobs/src/main/scala/com/goodyear/datalake/cleansing/current/jobs/external/aligneddistribution/sellout/lizeo/validation/SellOutValidateTask.scala
yearLinks.goodDate,yearLinks.blockers,SellOutValidateTask,https://bitbucket.org/emea_cf/datalake-cleansing/src/master/datalake-cleansing-jobs/src/main/scala/com/goodyear/datalake/cleansing/current/jobs/external/aligneddistribution/sellout/lizeo/validation/SellOutValidateTask.scala
yearLinks.goodDate,yearLinks.goodDate,SellOutValidateTask,https://bitbucket.org/emea_cf/datalake-cleansing/src/master/datalake-cleansing-jobs/src/main/scala/com/goodyear/datalake/cleansing/current/jobs/external/aligneddistribution/sellout/lizeo/validation/SellOutValidateTask.scala
raw.adSellOut.year2021,clean.adSellOut2021,SellOutCurrentTask,https://bitbucket.org/emea_cf/datalake-cleansing/src/master/datalake-cleansing-jobs/src/main/scala/com/goodyear/datalake/cleansing/current/jobs/external/aligneddistribution/sellout/lizeo/years/SellOutCurrentTask.scala
raw.adSellOut.year2021,clean.adSellOutRejected2021,SellOutCurrentTask,https://bitbucket.org/emea_cf/datalake-cleansing/src/master/datalake-cleansing-jobs/src/main/scala/com/goodyear/datalake/cleansing/current/jobs/external/aligneddistribution/sellout/lizeo/years/SellOutCurrentTask.scala
yearLink.goodDate,cleanLink,SellOutHeritageTask,https://bitbucket.org/emea_cf/datalake-cleansing/src/master/datalake-cleansing-jobs/src/main/scala/com/goodyear/datalake/cleansing/current/jobs/external/aligneddistribution/sellout/lizeo/years/SellOutHeritageTask.scala
yearLink.goodDate,rejectedLink,SellOutHeritageTask,https://bitbucket.org/emea_cf/datalake-cleansing/src/master/datalake-cleansing-jobs/src/main/scala/com/goodyear/datalake/cleansing/current/jobs/external/aligneddistribution/sellout/lizeo/years/SellOutHeritageTask.scala
raw.beadbarCodeScanLog,clean.beadbarCodeScanLog,BeadbarCodeScanLogTask,https://bitbucket.org/emea_cf/datalake-cleansing/src/master/datalake-cleansing-jobs/src/main/scala/com/goodyear/datalake/cleansing/current/jobs/external/aws/beadbarcodescanlog/BeadbarCodeScanLogTask.scala
manual.commercial.ihsCpi,clean.commercial.ihsCpi,IhsCpiTask,https://bitbucket.org/emea_cf/datalake-cleansing/src/master/datalake-cleansing-jobs/src/main/scala/com/goodyear/datalake/cleansing/current/jobs/external/commercial/ihs/IhsCpiTask.scala
manual.commercial.ihsCpi,clean.commercial.ihsCpiRejected,IhsCpiTask,https://bitbucket.org/emea_cf/datalake-cleansing/src/master/datalake-cleansing-jobs/src/main/scala/com/goodyear/datalake/cleansing/current/jobs/external/commercial/ihs/IhsCpiTask.scala
manual.commercial.ihsGdp,clean.commercial.ihsGdp,IhsGdpTask,https://bitbucket.org/emea_cf/datalake-cleansing/src/master/datalake-cleansing-jobs/src/main/scala/com/goodyear/datalake/cleansing/current/jobs/external/commercial/ihs/IhsGdpTask.scala
manual.commercial.ihsGdp,clean.commercial.ihsGdpRejected,IhsGdpTask,https://bitbucket.org/emea_cf/datalake-cleansing/src/master/datalake-cleansing-jobs/src/main/scala/com/goodyear/datalake/cleansing/current/jobs/external/commercial/ihs/IhsGdpTask.scala
manual.commercial.ihsMei,clean.commercial.ihsMei,IhsMeiTask,https://bitbucket.org/emea_cf/datalake-cleansing/src/master/datalake-cleansing-jobs/src/main/scala/com/goodyear/datalake/cleansing/current/jobs/external/commercial/ihs/IhsMeiTask.scala
manual.commercial.ihsMei,clean.commercial.ihsMeiRejected,IhsMeiTask,https://bitbucket.org/emea_cf/datalake-cleansing/src/master/datalake-cleansing-jobs/src/main/scala/com/goodyear/datalake/cleansing/current/jobs/external/commercial/ihs/IhsMeiTask.scala
manual.commercial.ihsPmi,clean.commercial.ihsPmi,IhsPmiTask,https://bitbucket.org/emea_cf/datalake-cleansing/src/master/datalake-cleansing-jobs/src/main/scala/com/goodyear/datalake/cleansing/current/jobs/external/commercial/ihs/IhsPmiTask.scala
manual.commercial.ihsPmi,clean.commercial.ihsPmiRejected,IhsPmiTask,https://bitbucket.org/emea_cf/datalake-cleansing/src/master/datalake-cleansing-jobs/src/main/scala/com/goodyear/datalake/cleansing/current/jobs/external/commercial/ihs/IhsPmiTask.scala
manual.commercial.ihsVehicleParkDensity,clean.commercial.ihsVehicleParkDensity,IhsVehicleParcDensityTask,https://bitbucket.org/emea_cf/datalake-cleansing/src/master/datalake-cleansing-jobs/src/main/scala/com/goodyear/datalake/cleansing/current/jobs/external/commercial/ihs/IhsVehicleParcDensityTask.scala
manual.commercial.ihsVehicleParkDensity,clean.commercial.ihsVehicleParkDensityRejected,IhsVehicleParcDensityTask,https://bitbucket.org/emea_cf/datalake-cleansing/src/master/datalake-cleansing-jobs/src/main/scala/com/goodyear/datalake/cleansing/current/jobs/external/commercial/ihs/IhsVehicleParcDensityTask.scala
manual.commercial.ihsVehiclePark,clean.commercial.ihsVehiclePark,IhsVehicleParkTask,https://bitbucket.org/emea_cf/datalake-cleansing/src/master/datalake-cleansing-jobs/src/main/scala/com/goodyear/datalake/cleansing/current/jobs/external/commercial/ihs/IhsVehicleParkTask.scala
manual.commercial.ihsVehiclePark,clean.commercial.ihsVehicleParkRejected,IhsVehicleParkTask,https://bitbucket.org/emea_cf/datalake-cleansing/src/master/datalake-cleansing-jobs/src/main/scala/com/goodyear/datalake/cleansing/current/jobs/external/commercial/ihs/IhsVehicleParkTask.scala
manual.commercial.ihsVehicleProductionMonthly,clean.commercial.ihsVehicleProductionMonthly,IhsVehicleProductionMonthlyTask,https://bitbucket.org/emea_cf/datalake-cleansing/src/master/datalake-cleansing-jobs/src/main/scala/com/goodyear/datalake/cleansing/current/jobs/external/commercial/ihs/IhsVehicleProductionMonthlyTask.scala
manual.commercial.ihsVehicleProductionMonthly,clean.commercial.ihsVehicleProductionMonthlyRejected,IhsVehicleProductionMonthlyTask,https://bitbucket.org/emea_cf/datalake-cleansing/src/master/datalake-cleansing-jobs/src/main/scala/com/goodyear/datalake/cleansing/current/jobs/external/commercial/ihs/IhsVehicleProductionMonthlyTask.scala
manual.commercial.ihsVehicleProductionQuarterly,clean.commercial.ihsVehicleProductionQuarterly,IhsVehicleProductionQuarterlyTask,https://bitbucket.org/emea_cf/datalake-cleansing/src/master/datalake-cleansing-jobs/src/main/scala/com/goodyear/datalake/cleansing/current/jobs/external/commercial/ihs/IhsVehicleProductionQuarterlyTask.scala
manual.commercial.ihsVehicleProductionQuarterly,clean.commercial.ihsVehicleProductionQuarterlyRejected,IhsVehicleProductionQuarterlyTask,https://bitbucket.org/emea_cf/datalake-cleansing/src/master/datalake-cleansing-jobs/src/main/scala/com/goodyear/datalake/cleansing/current/jobs/external/commercial/ihs/IhsVehicleProductionQuarterlyTask.scala
manual.commercial.ihsVehicleSalesMonthly,clean.commercial.ihsVehicleSalesMonthly,IhsVehicleSalesMonthlyTask,https://bitbucket.org/emea_cf/datalake-cleansing/src/master/datalake-cleansing-jobs/src/main/scala/com/goodyear/datalake/cleansing/current/jobs/external/commercial/ihs/IhsVehicleSalesMonthlyTask.scala
manual.commercial.ihsVehicleSalesMonthly,clean.commercial.ihsVehicleSalesMonthlyRejected,IhsVehicleSalesMonthlyTask,https://bitbucket.org/emea_cf/datalake-cleansing/src/master/datalake-cleansing-jobs/src/main/scala/com/goodyear/datalake/cleansing/current/jobs/external/commercial/ihs/IhsVehicleSalesMonthlyTask.scala
manual.commercial.ihsVehicleSalesYearly,clean.commercial.ihsVehicleSalesYearly,IhsVehicleSalesYearlyTask,https://bitbucket.org/emea_cf/datalake-cleansing/src/master/datalake-cleansing-jobs/src/main/scala/com/goodyear/datalake/cleansing/current/jobs/external/commercial/ihs/IhsVehicleSalesYearlyTask.scala
manual.commercial.ihsVehicleSalesYearly,clean.commercial.ihsVehicleSalesYearlyRejected,IhsVehicleSalesYearlyTask,https://bitbucket.org/emea_cf/datalake-cleansing/src/master/datalake-cleansing-jobs/src/main/scala/com/goodyear/datalake/cleansing/current/jobs/external/commercial/ihs/IhsVehicleSalesYearlyTask.scala
raw.commercial.inrixRoadFreightIndicators,clean.commercial.inrixRoadFreightIndicators,RoadFreightIndicatorsTask,https://bitbucket.org/emea_cf/datalake-cleansing/src/master/datalake-cleansing-jobs/src/main/scala/com/goodyear/datalake/cleansing/current/jobs/external/commercial/inrix/RoadFreightIndicatorsTask.scala
raw.commercial.inrixRoadFreightIndicators,clean.commercial.inrixRoadFreightIndicatorsRejected,RoadFreightIndicatorsTask,https://bitbucket.org/emea_cf/datalake-cleansing/src/master/datalake-cleansing-jobs/src/main/scala/com/goodyear/datalake/cleansing/current/jobs/external/commercial/inrix/RoadFreightIndicatorsTask.scala
raw.commercial.sellOut,clean.commercial.sellOut,CommercialSellOutTask,https://bitbucket.org/emea_cf/datalake-cleansing/src/master/datalake-cleansing-jobs/src/main/scala/com/goodyear/datalake/cleansing/current/jobs/external/commercial/sellout/CommercialSellOutTask.scala
raw.commercial.sellOut,clean.commercial.sellOutRejected,CommercialSellOutTask,https://bitbucket.org/emea_cf/datalake-cleansing/src/master/datalake-cleansing-jobs/src/main/scala/com/goodyear/datalake/cleansing/current/jobs/external/commercial/sellout/CommercialSellOutTask.scala
raw.commercial.clearTrailerParc,clean.commercial.clearTrailerParc,ClearTrailerParcTask,https://bitbucket.org/emea_cf/datalake-cleansing/src/master/datalake-cleansing-jobs/src/main/scala/com/goodyear/datalake/cleansing/current/jobs/external/commercial/trailer/ClearTrailerParcTask.scala
raw.commercial.clearTrailerParc,clean.commercial.clearTrailerParcRejected,ClearTrailerParcTask,https://bitbucket.org/emea_cf/datalake-cleansing/src/master/datalake-cleansing-jobs/src/main/scala/com/goodyear/datalake/cleansing/current/jobs/external/commercial/trailer/ClearTrailerParcTask.scala
raw.commercial.clearTrailerProduction,clean.commercial.clearTrailerProduction,ClearTrailerProductionTask,https://bitbucket.org/emea_cf/datalake-cleansing/src/master/datalake-cleansing-jobs/src/main/scala/com/goodyear/datalake/cleansing/current/jobs/external/commercial/trailer/ClearTrailerProductionTask.scala
raw.commercial.clearTrailerProduction,clean.commercial.clearTrailerProductionRejected,ClearTrailerProductionTask,https://bitbucket.org/emea_cf/datalake-cleansing/src/master/datalake-cleansing-jobs/src/main/scala/com/goodyear/datalake/cleansing/current/jobs/external/commercial/trailer/ClearTrailerProductionTask.scala
manual.commercial.tireReplacement,clean.commercial.tireReplacement,TireReplacementTask,https://bitbucket.org/emea_cf/datalake-cleansing/src/master/datalake-cleansing-jobs/src/main/scala/com/goodyear/datalake/cleansing/current/jobs/external/commercial/vehiclepark/TireReplacementTask.scala
manual.commercial.tireReplacement,clean.commercial.tireReplacementRejected,TireReplacementTask,https://bitbucket.org/emea_cf/datalake-cleansing/src/master/datalake-cleansing-jobs/src/main/scala/com/goodyear/datalake/cleansing/current/jobs/external/commercial/vehiclepark/TireReplacementTask.scala
manual.commercial.vehiclePark,clean.commercial.vehiclePark,VehicleParkTask,https://bitbucket.org/emea_cf/datalake-cleansing/src/master/datalake-cleansing-jobs/src/main/scala/com/goodyear/datalake/cleansing/current/jobs/external/commercial/vehiclepark/VehicleParkTask.scala
manual.commercial.vehiclePark,clean.commercial.vehicleParkRejected,VehicleParkTask,https://bitbucket.org/emea_cf/datalake-cleansing/src/master/datalake-cleansing-jobs/src/main/scala/com/goodyear/datalake/cleansing/current/jobs/external/commercial/vehiclepark/VehicleParkTask.scala
manual.officialBusiness,clean.officialBusiness,OfficialBusinessTask,https://bitbucket.org/emea_cf/datalake-cleansing/src/master/datalake-cleansing-jobs/src/main/scala/com/goodyear/datalake/cleansing/current/jobs/external/datascience/official/business/OfficialBusinessTask.scala
manual.officialLmc,clean.officialLmc,OfficialLmcTask,https://bitbucket.org/emea_cf/datalake-cleansing/src/master/datalake-cleansing-jobs/src/main/scala/com/goodyear/datalake/cleansing/current/jobs/external/datascience/official/lmc/OfficialLmcTask.scala
manual.beDemographics,clean.beDemographics,CleansingBeDemographicsTask,https://bitbucket.org/emea_cf/datalake-cleansing/src/master/datalake-cleansing-jobs/src/main/scala/com/goodyear/datalake/cleansing/current/jobs/external/demographics/experian/be/CleansingBeDemographicsTask.scala
manual.channelDemographics,clean.channelDemographics,CleansingChannelTask,https://bitbucket.org/emea_cf/datalake-cleansing/src/master/datalake-cleansing-jobs/src/main/scala/com/goodyear/datalake/cleansing/current/jobs/external/demographics/experian/channel/CleansingChannelTask.scala
manual.deDemographics,clean.deDemographics,CleansingDEDemographicsTask,https://bitbucket.org/emea_cf/datalake-cleansing/src/master/datalake-cleansing-jobs/src/main/scala/com/goodyear/datalake/cleansing/current/jobs/external/demographics/experian/de/CleansingDEDemographicsTask.scala
manual.deDemographics,clean.deDemographicsRejected,CleansingDEDemographicsTask,https://bitbucket.org/emea_cf/datalake-cleansing/src/master/datalake-cleansing-jobs/src/main/scala/com/goodyear/datalake/cleansing/current/jobs/external/demographics/experian/de/CleansingDEDemographicsTask.scala
manual.esDemographics,clean.esDemographics,CleansingESDemographicsTask,https://bitbucket.org/emea_cf/datalake-cleansing/src/master/datalake-cleansing-jobs/src/main/scala/com/goodyear/datalake/cleansing/current/jobs/external/demographics/experian/es/CleansingESDemographicsTask.scala
manual.esDemographics,clean.esDemographicsRejected,CleansingESDemographicsTask,https://bitbucket.org/emea_cf/datalake-cleansing/src/master/datalake-cleansing-jobs/src/main/scala/com/goodyear/datalake/cleansing/current/jobs/external/demographics/experian/es/CleansingESDemographicsTask.scala
manual.frDemographics,clean.frDemographics,CleansingFRDemographicsTask,https://bitbucket.org/emea_cf/datalake-cleansing/src/master/datalake-cleansing-jobs/src/main/scala/com/goodyear/datalake/cleansing/current/jobs/external/demographics/experian/fr/CleansingFRDemographicsTask.scala
manual.frDemographics,clean.frDemographicsRejected,CleansingFRDemographicsTask,https://bitbucket.org/emea_cf/datalake-cleansing/src/master/datalake-cleansing-jobs/src/main/scala/com/goodyear/datalake/cleansing/current/jobs/external/demographics/experian/fr/CleansingFRDemographicsTask.scala
manual.itDemographics,clean.itDemographics,CleansingItDemographicsTask,https://bitbucket.org/emea_cf/datalake-cleansing/src/master/datalake-cleansing-jobs/src/main/scala/com/goodyear/datalake/cleansing/current/jobs/external/demographics/experian/it/CleansingItDemographicsTask.scala
manual.mosaic,clean.mosaic,CleansingMosaicTask,https://bitbucket.org/emea_cf/datalake-cleansing/src/master/datalake-cleansing-jobs/src/main/scala/com/goodyear/datalake/cleansing/current/jobs/external/demographics/experian/mosaic/CleansingMosaicTask.scala
manual.nlDemographics,clean.nlDemographics,CleansingNLDemographicsTask,https://bitbucket.org/emea_cf/datalake-cleansing/src/master/datalake-cleansing-jobs/src/main/scala/com/goodyear/datalake/cleansing/current/jobs/external/demographics/experian/nl/CleansingNLDemographicsTask.scala
manual.nlDemographics,clean.nlDemographicsRejected,CleansingNLDemographicsTask,https://bitbucket.org/emea_cf/datalake-cleansing/src/master/datalake-cleansing-jobs/src/main/scala/com/goodyear/datalake/cleansing/current/jobs/external/demographics/experian/nl/CleansingNLDemographicsTask.scala
manual.ptDemographics,clean.ptDemographics,PtDemographicsTask,https://bitbucket.org/emea_cf/datalake-cleansing/src/master/datalake-cleansing-jobs/src/main/scala/com/goodyear/datalake/cleansing/current/jobs/external/demographics/experian/pt/PtDemographicsTask.scala
manual.ukDemographics,clean.ukDemographics,CleansingUKDemographicsTask,https://bitbucket.org/emea_cf/datalake-cleansing/src/master/datalake-cleansing-jobs/src/main/scala/com/goodyear/datalake/cleansing/current/jobs/external/demographics/experian/uk/CleansingUKDemographicsTask.scala
raw.customerLocationGeoData,clean.customerLocationGeoData,CleansingCustomerLocationGeoDataTask,https://bitbucket.org/emea_cf/datalake-cleansing/src/master/datalake-cleansing-jobs/src/main/scala/com/goodyear/datalake/cleansing/current/jobs/external/geographics/geolocation/customerlocationgeodata/CleansingCustomerLocationGeoDataTask.scala
manual.postalCodeHierarchy,clean.postalCodeHierarchy,CleansingPostalCodeHierarchyTask,https://bitbucket.org/emea_cf/datalake-cleansing/src/master/datalake-cleansing-jobs/src/main/scala/com/goodyear/datalake/cleansing/current/jobs/external/geographics/gfk/CleansingPostalCodeHierarchyTask.scala
manual.NUTSConversion,clean.NUTSConversion,CleansingNutsConversionTask,https://bitbucket.org/emea_cf/datalake-cleansing/src/master/datalake-cleansing-jobs/src/main/scala/com/goodyear/datalake/cleansing/current/jobs/external/geographics/nuts/conversion/CleansingNutsConversionTask.scala
manual.NUTS,clean.NUTS,CleansingNutsTask,https://bitbucket.org/emea_cf/datalake-cleansing/src/master/datalake-cleansing-jobs/src/main/scala/com/goodyear/datalake/cleansing/current/jobs/external/geographics/nuts/nuts/CleansingNutsTask.scala
manual.abhPointsOfSale,clean.abhPointsOfSale,AbhPointOfSaleTask,https://bitbucket.org/emea_cf/datalake-cleansing/src/master/datalake-cleansing-jobs/src/main/scala/com/goodyear/datalake/cleansing/current/jobs/external/geographics/pos/abh/AbhPointOfSaleTask.scala
manual.autoviewPostCodeConversion,clean.autoviewPostCodeConversion,CleansingAutoViewPostCodeConversionTask,https://bitbucket.org/emea_cf/datalake-cleansing/src/master/datalake-cleansing-jobs/src/main/scala/com/goodyear/datalake/cleansing/current/jobs/external/geographics/postcodes/autoview/es/CleansingAutoViewPostCodeConversionTask.scala
manual.polishPostCodeConversion,clean.polishPostCodeConversion,CleansingPolishPostCodeConversionTask,https://bitbucket.org/emea_cf/datalake-cleansing/src/master/datalake-cleansing-jobs/src/main/scala/com/goodyear/datalake/cleansing/current/jobs/external/geographics/postcodes/autoview/pl/CleansingPolishPostCodeConversionTask.scala
manual.geostructureBAConversion,clean.geostructureBAConversion,CleansingBAGeostructureConversionTask,https://bitbucket.org/emea_cf/datalake-cleansing/src/master/datalake-cleansing-jobs/src/main/scala/com/goodyear/datalake/cleansing/current/jobs/external/geographics/postcodes/geostructure/ba/CleansingBAGeostructureConversionTask.scala
manual.geostructureHRConversion,clean.geostructureHRConversion,CleansingHRGeostructureConversionTask,https://bitbucket.org/emea_cf/datalake-cleansing/src/master/datalake-cleansing-jobs/src/main/scala/com/goodyear/datalake/cleansing/current/jobs/external/geographics/postcodes/geostructure/hr/CleansingHRGeostructureConversionTask.scala
manual.geostructureLTConversion,clean.geostructureLTConversion,CleansingLTGeostructureConversionTask,https://bitbucket.org/emea_cf/datalake-cleansing/src/master/datalake-cleansing-jobs/src/main/scala/com/goodyear/datalake/cleansing/current/jobs/external/geographics/postcodes/geostructure/lt/CleansingLTGeostructureConversionTask.scala
manual.geostructureLVConversion,clean.geostructureLVConversion,CleansingLVGeostructureConversionTask,https://bitbucket.org/emea_cf/datalake-cleansing/src/master/datalake-cleansing-jobs/src/main/scala/com/goodyear/datalake/cleansing/current/jobs/external/geographics/postcodes/geostructure/lv/CleansingLVGeostructureConversionTask.scala
manual.geostructureRSConversion,clean.geostructureRSConversion,CleansingRSGeostructureConversionTask,https://bitbucket.org/emea_cf/datalake-cleansing/src/master/datalake-cleansing-jobs/src/main/scala/com/goodyear/datalake/cleansing/current/jobs/external/geographics/postcodes/geostructure/rs/CleansingRSGeostructureConversionTask.scala
manual.geostructureSIConversion,clean.geostructureSIConversion,CleansingSIGeostructureConversionTask,https://bitbucket.org/emea_cf/datalake-cleansing/src/master/datalake-cleansing-jobs/src/main/scala/com/goodyear/datalake/cleansing/current/jobs/external/geographics/postcodes/geostructure/si/CleansingSIGeostructureConversionTask.scala
raw.hereLocations,clean.hereLocations,HereLocationsTask,https://bitbucket.org/emea_cf/datalake-cleansing/src/master/datalake-cleansing-jobs/src/main/scala/com/goodyear/datalake/cleansing/current/jobs/external/geographics/postcodes/here/HereLocationsTask.scala
raw.hereMapping,clean.hereMapping,HereMappingsTask,https://bitbucket.org/emea_cf/datalake-cleansing/src/master/datalake-cleansing-jobs/src/main/scala/com/goodyear/datalake/cleansing/current/jobs/external/geographics/postcodes/heremapping/HereMappingsTask.scala
raw.hereMappingV2021,clean.hereMappingV2021,HereMappingsV2021Task,https://bitbucket.org/emea_cf/datalake-cleansing/src/master/datalake-cleansing-jobs/src/main/scala/com/goodyear/datalake/cleansing/current/jobs/external/geographics/postcodes/heremappingv2/HereMappingsV2021Task.scala
raw.gfkPricing,clean.gfkPricing,CleansingGfkTask,https://bitbucket.org/emea_cf/datalake-cleansing/src/master/datalake-cleansing-jobs/src/main/scala/com/goodyear/datalake/cleansing/current/jobs/external/pricing/gfk/CleansingGfkTask.scala
raw.knowtrexAllegro,clean.knowtrexAllegro,CleansingKnowtrexAllegroTask,https://bitbucket.org/emea_cf/datalake-cleansing/src/master/datalake-cleansing-jobs/src/main/scala/com/goodyear/datalake/cleansing/current/jobs/external/pricing/knowtrex/b2c/allegro/CleansingKnowtrexAllegroTask.scala
raw.knowtrexEMMasterData,clean.knowtrexEMMasterData,CleansingKnowtrexEMMasterDataTask,https://bitbucket.org/emea_cf/datalake-cleansing/src/master/datalake-cleansing-jobs/src/main/scala/com/goodyear/datalake/cleansing/current/jobs/external/pricing/knowtrex/b2c/emmasterdata/CleansingKnowtrexEMMasterDataTask.scala
raw.knowtrexEMSinglePlatform,clean.knowtrexEMSinglePlatform,CleansingKnowtrexEMSinglePlatformTask,https://bitbucket.org/emea_cf/datalake-cleansing/src/master/datalake-cleansing-jobs/src/main/scala/com/goodyear/datalake/cleansing/current/jobs/external/pricing/knowtrex/b2c/emsingleplatform/CleansingKnowtrexEMSinglePlatformTask.scala
raw.knowtrexLikeForLikeMatching,clean.knowtrexLikeForLikeMatching,CleansingKnowtrexLikeForLikeMatchingTask,https://bitbucket.org/emea_cf/datalake-cleansing/src/master/datalake-cleansing-jobs/src/main/scala/com/goodyear/datalake/cleansing/current/jobs/external/pricing/knowtrex/b2c/likeforlikematching/CleansingKnowtrexLikeForLikeMatchingTask.scala
raw.knowtrexMarketPlatform,clean.knowtrexMarketPlatform,CleansingKnowtrexMarketPlatformTask,https://bitbucket.org/emea_cf/datalake-cleansing/src/master/datalake-cleansing-jobs/src/main/scala/com/goodyear/datalake/cleansing/current/jobs/external/pricing/knowtrex/b2c/marketplatform/CleansingKnowtrexMarketPlatformTask.scala
raw.knowtrexMarketPlatformV2,clean.knowtrexMarketPlatformV2,CleansingKnowtrexMarketPlatformV2Task,https://bitbucket.org/emea_cf/datalake-cleansing/src/master/datalake-cleansing-jobs/src/main/scala/com/goodyear/datalake/cleansing/current/jobs/external/pricing/knowtrex/b2c/marketplatformv2/CleansingKnowtrexMarketPlatformV2Task.scala
raw.knowtrexMasterData,clean.knowtrexMasterData,CleansingKnowtrexMasterDataTask,https://bitbucket.org/emea_cf/datalake-cleansing/src/master/datalake-cleansing-jobs/src/main/scala/com/goodyear/datalake/cleansing/current/jobs/external/pricing/knowtrex/b2c/masterdata/CleansingKnowtrexMasterDataTask.scala
raw.knowtrexSinglePlatform,clean.knowtrexSinglePlatform,CleansingKnowtrexSinglePlatformTask,https://bitbucket.org/emea_cf/datalake-cleansing/src/master/datalake-cleansing-jobs/src/main/scala/com/goodyear/datalake/cleansing/current/jobs/external/pricing/knowtrex/b2c/singleplatform/CleansingKnowtrexSinglePlatformTask.scala
raw.knowtrexSinglePlatformV2,clean.knowtrexSinglePlatformV2,CleansingKnowtrexSinglePlatformV2Task,https://bitbucket.org/emea_cf/datalake-cleansing/src/master/datalake-cleansing-jobs/src/main/scala/com/goodyear/datalake/cleansing/current/jobs/external/pricing/knowtrex/b2c/singleplatformv2/CleansingKnowtrexSinglePlatformV2Task.scala
raw.knowtrexDailyPricing,clean.knowtrexDailyPricing,CleansingKnowtrexDailyTask,https://bitbucket.org/emea_cf/datalake-cleansing/src/master/datalake-cleansing-jobs/src/main/scala/com/goodyear/datalake/cleansing/current/jobs/external/pricing/knowtrex/daily/CleansingKnowtrexDailyTask.scala
raw.lizeoMonthlyPricing,clean.lizeoMonthlyPricing,CleansingLizeoMonthlyTask,https://bitbucket.org/emea_cf/datalake-cleansing/src/master/datalake-cleansing-jobs/src/main/scala/com/goodyear/datalake/cleansing/current/jobs/external/pricing/lizeo/monthly/CleansingLizeoMonthlyTask.scala
raw.lizeoWeeklyPricing,clean.lizeoWeeklyPricing,CleansingLizeoWeeklyTask,https://bitbucket.org/emea_cf/datalake-cleansing/src/master/datalake-cleansing-jobs/src/main/scala/com/goodyear/datalake/cleansing/current/jobs/external/pricing/lizeo/weekly/CleansingLizeoWeeklyTask.scala
raw.platformaOpon,clean.platformaOpon,CleansingPlatformaOponTask,https://bitbucket.org/emea_cf/datalake-cleansing/src/master/datalake-cleansing-jobs/src/main/scala/com/goodyear/datalake/cleansing/current/jobs/external/pricing/platformaopon/CleansingPlatformaOponTask.scala
raw.pneub2b,clean.pneub2b,Pneub2bTask,https://bitbucket.org/emea_cf/datalake-cleansing/src/master/datalake-cleansing-jobs/src/main/scala/com/goodyear/datalake/cleansing/current/jobs/external/pricing/pneub2b/Pneub2bTask.scala
manual.sellinPricing,clean.sellinPricing,CleansingSellinTask,https://bitbucket.org/emea_cf/datalake-cleansing/src/master/datalake-cleansing-jobs/src/main/scala/com/goodyear/datalake/cleansing/current/jobs/external/pricing/sellin/CleansingSellinTask.scala
raw.tire24DailyPricing,clean.tire24DailyPricing,CleansingTire24DailyTask,https://bitbucket.org/emea_cf/datalake-cleansing/src/master/datalake-cleansing-jobs/src/main/scala/com/goodyear/datalake/cleansing/current/jobs/external/pricing/tire24/daily/CleansingTire24DailyTask.scala
raw.tireOnlineCommercial,clean.tireOnlineCommercial,CleansingTireOnlineCommercialTask,https://bitbucket.org/emea_cf/datalake-cleansing/src/master/datalake-cleansing-jobs/src/main/scala/com/goodyear/datalake/cleansing/current/jobs/external/pricing/tireonline/commercial/CleansingTireOnlineCommercialTask.scala
raw.tireOnlineConsumer,clean.tireOnlineConsumer,CleansingTireOnlineConsumerTask,https://bitbucket.org/emea_cf/datalake-cleansing/src/master/datalake-cleansing-jobs/src/main/scala/com/goodyear/datalake/cleansing/current/jobs/external/pricing/tireonline/consumer/CleansingTireOnlineConsumerTask.scala
raw.zero7zrPricing,clean.zero7zrPricing,Cleansing07zrTask,https://bitbucket.org/emea_cf/datalake-cleansing/src/master/datalake-cleansing-jobs/src/main/scala/com/goodyear/datalake/cleansing/current/jobs/external/pricing/zero7zr/Cleansing07zrTask.scala
manual.carLookup,clean.carLookup,CarLookupTask,https://bitbucket.org/emea_cf/datalake-cleansing/src/master/datalake-cleansing-jobs/src/main/scala/com/goodyear/datalake/cleansing/current/jobs/external/vehicledata/carlookup/CarLookupTask.scala
v.raws,v.cleans,CleansingABHCarParkTask,https://bitbucket.org/emea_cf/datalake-cleansing/src/master/datalake-cleansing-jobs/src/main/scala/com/goodyear/datalake/cleansing/current/jobs/external/vehicledata/carpark/abh/CleansingABHCarParkTask.scala
v.raws,v.dirtys,CleansingABHCarParkTask,https://bitbucket.org/emea_cf/datalake-cleansing/src/master/datalake-cleansing-jobs/src/main/scala/com/goodyear/datalake/cleansing/current/jobs/external/vehicledata/carpark/abh/CleansingABHCarParkTask.scala
manual.denmarkCarPark,clean.denmarkCarPark.by2019.link,DenmarkCarParkTask,https://bitbucket.org/emea_cf/datalake-cleansing/src/master/datalake-cleansing-jobs/src/main/scala/com/goodyear/datalake/cleansing/current/jobs/external/vehicledata/carpark/denmark/DenmarkCarParkTask.scala
manual.experianTirePark.by2019,clean.experianTirePark.by2019.link,CleansingExperianTirePark2018Task,https://bitbucket.org/emea_cf/datalake-cleansing/src/master/datalake-cleansing-jobs/src/main/scala/com/goodyear/datalake/cleansing/current/jobs/external/vehicledata/carpark/experian/CleansingExperianTirePark2018Task.scala
manual.experianTirePark.by2019,clean.experianTirePark.by2019Rejected.link,CleansingExperianTirePark2018Task,https://bitbucket.org/emea_cf/datalake-cleansing/src/master/datalake-cleansing-jobs/src/main/scala/com/goodyear/datalake/cleansing/current/jobs/external/vehicledata/carpark/experian/CleansingExperianTirePark2018Task.scala
manual.experianTirePark.by2020,clean.experianTirePark.by2020.link,CleansingExperianTirePark2020Task,https://bitbucket.org/emea_cf/datalake-cleansing/src/master/datalake-cleansing-jobs/src/main/scala/com/goodyear/datalake/cleansing/current/jobs/external/vehicledata/carpark/experian/CleansingExperianTirePark2020Task.scala
manual.experianTirePark.by2020,clean.experianTirePark.by2020Rejected.link,CleansingExperianTirePark2020Task,https://bitbucket.org/emea_cf/datalake-cleansing/src/master/datalake-cleansing-jobs/src/main/scala/com/goodyear/datalake/cleansing/current/jobs/external/vehicledata/carpark/experian/CleansingExperianTirePark2020Task.scala
manual.frenchCarPark.prd,clean.frenchCarPark.by2019.link,FrenchCarParkTask,https://bitbucket.org/emea_cf/datalake-cleansing/src/master/datalake-cleansing-jobs/src/main/scala/com/goodyear/datalake/cleansing/current/jobs/external/vehicledata/carpark/france/FrenchCarParkTask.scala
manual.germanTirePark.by2019,clean.germanTirePark.by2019.link,CleansingGermanyTirePark2018Task,https://bitbucket.org/emea_cf/datalake-cleansing/src/master/datalake-cleansing-jobs/src/main/scala/com/goodyear/datalake/cleansing/current/jobs/external/vehicledata/carpark/germany/CleansingGermanyTirePark2018Task.scala
manual.germanTirePark.by2020,clean.germanTirePark.by2020.link,CleansingGermanyTirePark2020Task,https://bitbucket.org/emea_cf/datalake-cleansing/src/master/datalake-cleansing-jobs/src/main/scala/com/goodyear/datalake/cleansing/current/jobs/external/vehicledata/carpark/germany/CleansingGermanyTirePark2020Task.scala
manual.tecAllianceCarPark.by2019,clean.tecAllianceCarPark.by2019.link,CleansingTecAllianceCarPark2019Task,https://bitbucket.org/emea_cf/datalake-cleansing/src/master/datalake-cleansing-jobs/src/main/scala/com/goodyear/datalake/cleansing/current/jobs/external/vehicledata/carpark/tecalliance/year2019/CleansingTecAllianceCarPark2019Task.scala
manual.extrapolatedCarPark,clean.extrapolatedCarPark,ExtrapolatedCarParkTask,https://bitbucket.org/emea_cf/datalake-cleansing/src/master/datalake-cleansing-jobs/src/main/scala/com/goodyear/datalake/cleansing/current/jobs/external/vehicledata/extrapolatedcarpark/ExtrapolatedCarParkTask.scala
manual.skuPriority,clean.skuPriority,CleansingSkuPriorityTask,https://bitbucket.org/emea_cf/datalake-cleansing/src/master/datalake-cleansing-jobs/src/main/scala/com/goodyear/datalake/cleansing/current/jobs/external/vehicledata/skupriority/CleansingSkuPriorityTask.scala
manual.skuPriority,clean.skuPriorityRejected,CleansingSkuPriorityTask,https://bitbucket.org/emea_cf/datalake-cleansing/src/master/datalake-cleansing-jobs/src/main/scala/com/goodyear/datalake/cleansing/current/jobs/external/vehicledata/skupriority/CleansingSkuPriorityTask.scala
manual.strimFutureForecast,clean.strimFutureForecast,StrimFutureForecastTask,https://bitbucket.org/emea_cf/datalake-cleansing/src/master/datalake-cleansing-jobs/src/main/scala/com/goodyear/datalake/cleansing/current/jobs/external/vehicledata/strimfutureforecast/StrimFutureForecastTask.scala
manual.survivalRate,clean.survivalRate,SurvivalRateTask,https://bitbucket.org/emea_cf/datalake-cleansing/src/master/datalake-cleansing-jobs/src/main/scala/com/goodyear/datalake/cleansing/current/jobs/external/vehicledata/survivalrate/SurvivalRateTask.scala
manual.vehicleFitmentV2021p02,clean.vehicleFitmentV2021,VehicleFitmentV2021Task,https://bitbucket.org/emea_cf/datalake-cleansing/src/master/datalake-cleansing-jobs/src/main/scala/com/goodyear/datalake/cleansing/current/jobs/external/vehicledata/tirefitments/bmf/v2021p02/VehicleFitmentV2021Task.scala
manual.vehicleFitment,clean.vehicleFitment,VehicleFitmentTask,https://bitbucket.org/emea_cf/datalake-cleansing/src/master/datalake-cleansing-jobs/src/main/scala/com/goodyear/datalake/cleansing/current/jobs/external/vehicledata/tirefitments/bmf/VehicleFitmentTask.scala
manual.bmfToTecDocMapping,clean.bmfToTecDocMapping,BmfToTecDocMappingTask,https://bitbucket.org/emea_cf/datalake-cleansing/src/master/datalake-cleansing-jobs/src/main/scala/com/goodyear/datalake/cleansing/current/jobs/external/vehicledata/tirefitments/bmftotecdocmapping/BmfToTecDocMappingTask.scala
rawLink,cleanLink,TecAllianceFitmentTask,https://bitbucket.org/emea_cf/datalake-cleansing/src/master/datalake-cleansing-jobs/src/main/scala/com/goodyear/datalake/cleansing/current/jobs/external/vehicledata/tirefitments/tecalliance/TecAllianceFitmentTask.scala
manual.tecAllianceUpstep2016,clean.tecAllianceUpstep2016,CleansingTecAllianceUpstepTask,https://bitbucket.org/emea_cf/datalake-cleansing/src/master/datalake-cleansing-jobs/src/main/scala/com/goodyear/datalake/cleansing/current/jobs/external/vehicledata/tirefitments/tecalliance/upstep/CleansingTecAllianceUpstepTask.scala
manual.tecAllianceUpstep2016,clean.tecAllianceUpstep2017,CleansingTecAllianceUpstepTask,https://bitbucket.org/emea_cf/datalake-cleansing/src/master/datalake-cleansing-jobs/src/main/scala/com/goodyear/datalake/cleansing/current/jobs/external/vehicledata/tirefitments/tecalliance/upstep/CleansingTecAllianceUpstepTask.scala
manual.tecAllianceUpstep2016,clean.tecAllianceUpstep2018,CleansingTecAllianceUpstepTask,https://bitbucket.org/emea_cf/datalake-cleansing/src/master/datalake-cleansing-jobs/src/main/scala/com/goodyear/datalake/cleansing/current/jobs/external/vehicledata/tirefitments/tecalliance/upstep/CleansingTecAllianceUpstepTask.scala
manual.tecAllianceUpstep2016,clean.tecAllianceUpstep2019,CleansingTecAllianceUpstepTask,https://bitbucket.org/emea_cf/datalake-cleansing/src/master/datalake-cleansing-jobs/src/main/scala/com/goodyear/datalake/cleansing/current/jobs/external/vehicledata/tirefitments/tecalliance/upstep/CleansingTecAllianceUpstepTask.scala
manual.tecAllianceUpstep2017,clean.tecAllianceUpstep2016,CleansingTecAllianceUpstepTask,https://bitbucket.org/emea_cf/datalake-cleansing/src/master/datalake-cleansing-jobs/src/main/scala/com/goodyear/datalake/cleansing/current/jobs/external/vehicledata/tirefitments/tecalliance/upstep/CleansingTecAllianceUpstepTask.scala
manual.tecAllianceUpstep2017,clean.tecAllianceUpstep2017,CleansingTecAllianceUpstepTask,https://bitbucket.org/emea_cf/datalake-cleansing/src/master/datalake-cleansing-jobs/src/main/scala/com/goodyear/datalake/cleansing/current/jobs/external/vehicledata/tirefitments/tecalliance/upstep/CleansingTecAllianceUpstepTask.scala
manual.tecAllianceUpstep2017,clean.tecAllianceUpstep2018,CleansingTecAllianceUpstepTask,https://bitbucket.org/emea_cf/datalake-cleansing/src/master/datalake-cleansing-jobs/src/main/scala/com/goodyear/datalake/cleansing/current/jobs/external/vehicledata/tirefitments/tecalliance/upstep/CleansingTecAllianceUpstepTask.scala
manual.tecAllianceUpstep2017,clean.tecAllianceUpstep2019,CleansingTecAllianceUpstepTask,https://bitbucket.org/emea_cf/datalake-cleansing/src/master/datalake-cleansing-jobs/src/main/scala/com/goodyear/datalake/cleansing/current/jobs/external/vehicledata/tirefitments/tecalliance/upstep/CleansingTecAllianceUpstepTask.scala
manual.tecAllianceUpstep2018,clean.tecAllianceUpstep2016,CleansingTecAllianceUpstepTask,https://bitbucket.org/emea_cf/datalake-cleansing/src/master/datalake-cleansing-jobs/src/main/scala/com/goodyear/datalake/cleansing/current/jobs/external/vehicledata/tirefitments/tecalliance/upstep/CleansingTecAllianceUpstepTask.scala
manual.tecAllianceUpstep2018,clean.tecAllianceUpstep2017,CleansingTecAllianceUpstepTask,https://bitbucket.org/emea_cf/datalake-cleansing/src/master/datalake-cleansing-jobs/src/main/scala/com/goodyear/datalake/cleansing/current/jobs/external/vehicledata/tirefitments/tecalliance/upstep/CleansingTecAllianceUpstepTask.scala
manual.tecAllianceUpstep2018,clean.tecAllianceUpstep2018,CleansingTecAllianceUpstepTask,https://bitbucket.org/emea_cf/datalake-cleansing/src/master/datalake-cleansing-jobs/src/main/scala/com/goodyear/datalake/cleansing/current/jobs/external/vehicledata/tirefitments/tecalliance/upstep/CleansingTecAllianceUpstepTask.scala
manual.tecAllianceUpstep2018,clean.tecAllianceUpstep2019,CleansingTecAllianceUpstepTask,https://bitbucket.org/emea_cf/datalake-cleansing/src/master/datalake-cleansing-jobs/src/main/scala/com/goodyear/datalake/cleansing/current/jobs/external/vehicledata/tirefitments/tecalliance/upstep/CleansingTecAllianceUpstepTask.scala
manual.tecAllianceUpstep2018,clean.tecAllianceUpstep2016,CleansingTecAllianceUpstepTask,https://bitbucket.org/emea_cf/datalake-cleansing/src/master/datalake-cleansing-jobs/src/main/scala/com/goodyear/datalake/cleansing/current/jobs/external/vehicledata/tirefitments/tecalliance/upstep/CleansingTecAllianceUpstepTask.scala
manual.tecAllianceUpstep2018,clean.tecAllianceUpstep2017,CleansingTecAllianceUpstepTask,https://bitbucket.org/emea_cf/datalake-cleansing/src/master/datalake-cleansing-jobs/src/main/scala/com/goodyear/datalake/cleansing/current/jobs/external/vehicledata/tirefitments/tecalliance/upstep/CleansingTecAllianceUpstepTask.scala
manual.tecAllianceUpstep2018,clean.tecAllianceUpstep2018,CleansingTecAllianceUpstepTask,https://bitbucket.org/emea_cf/datalake-cleansing/src/master/datalake-cleansing-jobs/src/main/scala/com/goodyear/datalake/cleansing/current/jobs/external/vehicledata/tirefitments/tecalliance/upstep/CleansingTecAllianceUpstepTask.scala
manual.tecAllianceUpstep2018,clean.tecAllianceUpstep2019,CleansingTecAllianceUpstepTask,https://bitbucket.org/emea_cf/datalake-cleansing/src/master/datalake-cleansing-jobs/src/main/scala/com/goodyear/datalake/cleansing/current/jobs/external/vehicledata/tirefitments/tecalliance/upstep/CleansingTecAllianceUpstepTask.scala
manual.ukTireReplacementCurves,clean.ukTireReplacementCurves,CleansingUkTireReplacementCurvesTask,https://bitbucket.org/emea_cf/datalake-cleansing/src/master/datalake-cleansing-jobs/src/main/scala/com/goodyear/datalake/cleansing/current/jobs/external/vehicledata/tirereplacementcurves/CleansingUkTireReplacementCurvesTask.scala
manual.ihsSegments,clean.ihsSegments,CleansingIhsSegmentsTask,https://bitbucket.org/emea_cf/datalake-cleansing/src/master/datalake-cleansing-jobs/src/main/scala/com/goodyear/datalake/cleansing/current/jobs/external/vehicledata/vehiclesegments/ihssegments/CleansingIhsSegmentsTask.scala
manual.segmentConversion,clean.segmentConversion,CleansingVehicleSegmentConversionTask,https://bitbucket.org/emea_cf/datalake-cleansing/src/master/datalake-cleansing-jobs/src/main/scala/com/goodyear/datalake/cleansing/current/jobs/external/vehicledata/vehiclesegments/segmentconversion/CleansingVehicleSegmentConversionTask.scala
raw.vendavoTransactions,clean.vendavoTransactions,VendavoTransactionsTask,https://bitbucket.org/emea_cf/datalake-cleansing/src/master/datalake-cleansing-jobs/src/main/scala/com/goodyear/datalake/cleansing/current/jobs/external/vendavotransactions/VendavoTransactionsTask.scala
raw.activationBrands,clean.activationBrands,ActivationBrandTask,https://bitbucket.org/emea_cf/datalake-cleansing/src/master/datalake-cleansing-jobs/src/main/scala/com/goodyear/datalake/cleansing/current/jobs/internal/activations/brand/ActivationBrandTask.scala
raw.activationCampaigns,clean.activationCampaigns,ActivationCampaignsTask,https://bitbucket.org/emea_cf/datalake-cleansing/src/master/datalake-cleansing-jobs/src/main/scala/com/goodyear/datalake/cleansing/current/jobs/internal/activations/campaigns/ActivationCampaignsTask.scala
raw.activationCampaignType,clean.activationCampaignType,ActivationCampaignTypeTask,https://bitbucket.org/emea_cf/datalake-cleansing/src/master/datalake-cleansing-jobs/src/main/scala/com/goodyear/datalake/cleansing/current/jobs/internal/activations/campaign_type/ActivationCampaignTypeTask.scala
raw.activationPos,clean.activationPos,ActivationPosTask,https://bitbucket.org/emea_cf/datalake-cleansing/src/master/datalake-cleansing-jobs/src/main/scala/com/goodyear/datalake/cleansing/current/jobs/internal/activations/pos_activated/ActivationPosTask.scala
raw.activationSeasons,clean.activationSeasons,ActivationSeasonTask,https://bitbucket.org/emea_cf/datalake-cleansing/src/master/datalake-cleansing-jobs/src/main/scala/com/goodyear/datalake/cleansing/current/jobs/internal/activations/seasons/ActivationSeasonTask.scala
raw.activationZips,clean.activationZips,ActivationZipTask,https://bitbucket.org/emea_cf/datalake-cleansing/src/master/datalake-cleansing-jobs/src/main/scala/com/goodyear/datalake/cleansing/current/jobs/internal/activations/zip_activated/ActivationZipTask.scala
manual.sizeClassification,clean.sizeClassification,SizeClassificationTask,https://bitbucket.org/emea_cf/datalake-cleansing/src/master/datalake-cleansing-jobs/src/main/scala/com/goodyear/datalake/cleansing/current/jobs/internal/aldi/pforp/classification/SizeClassificationTask.scala
raw.sccAmounts,clean.sccAmounts,SccAmountTask,https://bitbucket.org/emea_cf/datalake-cleansing/src/master/datalake-cleansing-jobs/src/main/scala/com/goodyear/datalake/cleansing/current/jobs/internal/aldi/pforp/scc/amounts/SccAmountTask.scala
raw.commercial.mriForecast,clean.commercial.mriTireForecast,MRIForecastTask,https://bitbucket.org/emea_cf/datalake-cleansing/src/master/datalake-cleansing-jobs/src/main/scala/com/goodyear/datalake/cleansing/current/jobs/internal/commercial/mriforecast/MRIForecastTask.scala
raw.commercial.mriForecast,clean.commercial.mriTireForecastRejected,MRIForecastTask,https://bitbucket.org/emea_cf/datalake-cleansing/src/master/datalake-cleansing-jobs/src/main/scala/com/goodyear/datalake/cleansing/current/jobs/internal/commercial/mriforecast/MRIForecastTask.scala
raw.commercial.mriForecast,clean.commercial.mriRetreadForecast,MRIForecastTask,https://bitbucket.org/emea_cf/datalake-cleansing/src/master/datalake-cleansing-jobs/src/main/scala/com/goodyear/datalake/cleansing/current/jobs/internal/commercial/mriforecast/MRIForecastTask.scala
raw.commercial.mriForecast,clean.commercial.mriRetreadForecastRejected,MRIForecastTask,https://bitbucket.org/emea_cf/datalake-cleansing/src/master/datalake-cleansing-jobs/src/main/scala/com/goodyear/datalake/cleansing/current/jobs/internal/commercial/mriforecast/MRIForecastTask.scala
raw.adDistanceMatrixCache,clean.adDistanceMatrixCache,AdDistanceMatrixCacheTask,https://bitbucket.org/emea_cf/datalake-cleansing/src/master/datalake-cleansing-jobs/src/main/scala/com/goodyear/datalake/cleansing/current/jobs/internal/distancematrix/cache/aldi/AdDistanceMatrixCacheTask.scala
raw.distanceMatrixCache,clean.distanceMatrixCache,DistanceMatrixCacheTask,https://bitbucket.org/emea_cf/datalake-cleansing/src/master/datalake-cleansing-jobs/src/main/scala/com/goodyear/datalake/cleansing/current/jobs/internal/distancematrix/cache/DistanceMatrixCacheTask.scala
raw.beadbarCodeEvent,clean.beadbarCodeEvent,BeadbarCodeEventTask,https://bitbucket.org/emea_cf/datalake-cleansing/src/master/datalake-cleansing-jobs/src/main/scala/com/goodyear/datalake/cleansing/current/jobs/internal/edw/beadbarcodeevent/BeadbarCodeEventTask.scala
raw.copa,clean.copa,CleansingCopaTask,https://bitbucket.org/emea_cf/datalake-cleansing/src/master/datalake-cleansing-jobs/src/main/scala/com/goodyear/datalake/cleansing/current/jobs/internal/edw/copa/CleansingCopaTask.scala
raw.country,clean.country,CleansingCountryTask,https://bitbucket.org/emea_cf/datalake-cleansing/src/master/datalake-cleansing-jobs/src/main/scala/com/goodyear/datalake/cleansing/current/jobs/internal/edw/country/CleansingCountryTask.scala
raw.countryExportMapping,clean.countryExportMapping,CleansingCountryExportMappingTask,https://bitbucket.org/emea_cf/datalake-cleansing/src/master/datalake-cleansing-jobs/src/main/scala/com/goodyear/datalake/cleansing/current/jobs/internal/edw/countryexportmapping/CleansingCountryExportMappingTask.scala
raw.countryHierarchy,clean.countryHierarchy,CountryHierarchyTask,https://bitbucket.org/emea_cf/datalake-cleansing/src/master/datalake-cleansing-jobs/src/main/scala/com/goodyear/datalake/cleansing/current/jobs/internal/edw/countryhierarchy/CountryHierarchyTask.scala
raw.customerHierarchy,clean.customerHierarchy,CustomerHierarchyTask,https://bitbucket.org/emea_cf/datalake-cleansing/src/master/datalake-cleansing-jobs/src/main/scala/com/goodyear/datalake/cleansing/current/jobs/internal/edw/customerhierarchy/CustomerHierarchyTask.scala
raw.edwCustomers,clean.edwCustomers,CustomersTask,https://bitbucket.org/emea_cf/datalake-cleansing/src/master/datalake-cleansing-jobs/src/main/scala/com/goodyear/datalake/cleansing/current/jobs/internal/edw/customers/CustomersTask.scala
raw.edwDemandPlanning,clean.edwDemandPlanning,CleansingDemandPlanningTask,https://bitbucket.org/emea_cf/datalake-cleansing/src/master/datalake-cleansing-jobs/src/main/scala/com/goodyear/datalake/cleansing/current/jobs/internal/edw/demandplanning/CleansingDemandPlanningTask.scala
raw.EDWEuropoolBrand,clean.EDWEuropoolBrand,CleansingEuropoolBrandTask,https://bitbucket.org/emea_cf/datalake-cleansing/src/master/datalake-cleansing-jobs/src/main/scala/com/goodyear/datalake/cleansing/current/jobs/internal/edw/europool/brand/CleansingEuropoolBrandTask.scala
raw.EDWEuropoolPotentials,clean.EDWEuropoolPotentials,CleansingEuropoolPotentialsTask,https://bitbucket.org/emea_cf/datalake-cleansing/src/master/datalake-cleansing-jobs/src/main/scala/com/goodyear/datalake/cleansing/current/jobs/internal/edw/europool/potentials/CleansingEuropoolPotentialsTask.scala
raw.EDWEuropoolSales,clean.EDWEuropoolSales,CleansingEuropoolSalesTask,https://bitbucket.org/emea_cf/datalake-cleansing/src/master/datalake-cleansing-jobs/src/main/scala/com/goodyear/datalake/cleansing/current/jobs/internal/edw/europool/sales/CleansingEuropoolSalesTask.scala
raw.EDWEuropoolSegmentR3,clean.EDWEuropoolSegmentR3,CleansingEuropoolSegmentR3Task,https://bitbucket.org/emea_cf/datalake-cleansing/src/master/datalake-cleansing-jobs/src/main/scala/com/goodyear/datalake/cleansing/current/jobs/internal/edw/europool/segmentR3/CleansingEuropoolSegmentR3Task.scala
raw.edwExchangeRates,clean.edwExchangeRates,CleansingExchangeRatesTask,https://bitbucket.org/emea_cf/datalake-cleansing/src/master/datalake-cleansing-jobs/src/main/scala/com/goodyear/datalake/cleansing/current/jobs/internal/edw/exchangerates/CleansingExchangeRatesTask.scala
raw.floorPrice,clean.floorPrice,CleansingFloorPriceTask,https://bitbucket.org/emea_cf/datalake-cleansing/src/master/datalake-cleansing-jobs/src/main/scala/com/goodyear/datalake/cleansing/current/jobs/internal/edw/floorprice/CleansingFloorPriceTask.scala
raw.marketshareMaterialClassification,clean.marketshareMaterialClassification,CleansingMaterialClassificationTask,https://bitbucket.org/emea_cf/datalake-cleansing/src/master/datalake-cleansing-jobs/src/main/scala/com/goodyear/datalake/cleansing/current/jobs/internal/edw/marketshare/materialclassification/CleansingMaterialClassificationTask.scala
raw.marketshareSizeTypeMart,clean.marketshareSizeTypeMart,CleansingSizeTypeMartTask,https://bitbucket.org/emea_cf/datalake-cleansing/src/master/datalake-cleansing-jobs/src/main/scala/com/goodyear/datalake/cleansing/current/jobs/internal/edw/marketshare/sizetypemart/CleansingSizeTypeMartTask.scala
raw.edwMaterialSales,clean.edwMaterialSales,CleansingMaterialSalesOrgTask,https://bitbucket.org/emea_cf/datalake-cleansing/src/master/datalake-cleansing-jobs/src/main/scala/com/goodyear/datalake/cleansing/current/jobs/internal/edw/materialsalesorg/CleansingMaterialSalesOrgTask.scala
raw.netSales,clean.netSales,NetSalesTask,https://bitbucket.org/emea_cf/datalake-cleansing/src/master/datalake-cleansing-jobs/src/main/scala/com/goodyear/datalake/cleansing/current/jobs/internal/edw/netsales/NetSalesTask.scala
raw.orderToCashMart,clean.orderToCashMart,CleansingOrderToCashMartTask,https://bitbucket.org/emea_cf/datalake-cleansing/src/master/datalake-cleansing-jobs/src/main/scala/com/goodyear/datalake/cleansing/current/jobs/internal/edw/otcmart/CleansingOrderToCashMartTask.scala
raw.payerShipToLink,clean.payerShipToLink,PayerShipToLinkTask,https://bitbucket.org/emea_cf/datalake-cleansing/src/master/datalake-cleansing-jobs/src/main/scala/com/goodyear/datalake/cleansing/current/jobs/internal/edw/payershiptolink/PayerShipToLinkTask.scala
raw.sellIn,clean.sellIn,SellInTask,https://bitbucket.org/emea_cf/datalake-cleansing/src/master/datalake-cleansing-jobs/src/main/scala/com/goodyear/datalake/cleansing/current/jobs/internal/edw/sellin/SellInTask.scala
manual.activePricingProducts,clean.activePricingProducts,ActivePricingProductsTask,https://bitbucket.org/emea_cf/datalake-cleansing/src/master/datalake-cleansing-jobs/src/main/scala/com/goodyear/datalake/cleansing/current/jobs/internal/manual/activepricingproducts/ActivePricingProductsTask.scala
manual.brandToTierMapping,clean.brandToTierMapping,BrandToTierMappingTask,https://bitbucket.org/emea_cf/datalake-cleansing/src/master/datalake-cleansing-jobs/src/main/scala/com/goodyear/datalake/cleansing/current/jobs/internal/manual/brandtotiermapping/BrandToTierMappingTask.scala
manual.designPriority,clean.designPriority,CleansingDesignPriorityTask,https://bitbucket.org/emea_cf/datalake-cleansing/src/master/datalake-cleansing-jobs/src/main/scala/com/goodyear/datalake/cleansing/current/jobs/internal/manual/designpriority/CleansingDesignPriorityTask.scala
manual.standardVatByCountry,clean.standardVatByCountry,CleansingStandardVatByCountryTask,https://bitbucket.org/emea_cf/datalake-cleansing/src/master/datalake-cleansing-jobs/src/main/scala/com/goodyear/datalake/cleansing/current/jobs/internal/manual/vatbycountry/CleansingStandardVatByCountryTask.scala
raw.tirePortalTrackData,clean.tirePortalTrackData,CleansingTirePortalTrackDataTask,https://bitbucket.org/emea_cf/datalake-cleansing/src/master/datalake-cleansing-jobs/src/main/scala/com/goodyear/datalake/cleansing/current/jobs/internal/myway/tireportaltrackdata/CleansingTirePortalTrackDataTask.scala
raw.trackDataXML,clean.trackDataXML,CleansingTrackDataXMLTask,https://bitbucket.org/emea_cf/datalake-cleansing/src/master/datalake-cleansing-jobs/src/main/scala/com/goodyear/datalake/cleansing/current/jobs/internal/myway/trackdataxml/CleansingTrackDataXMLTask.scala
manual.pointOfSalesGeoCodingResults,clean.pointOfSaleGeoCodingResults,PointOfSalesGeoCodingResultsTask,https://bitbucket.org/emea_cf/datalake-cleansing/src/master/datalake-cleansing-jobs/src/main/scala/com/goodyear/datalake/cleansing/current/jobs/internal/pointofsale/geocoded/PointOfSalesGeoCodingResultsTask.scala
manual.pointOfSaleLookup,clean.pointOfSaleLookup,PosLookupTask,https://bitbucket.org/emea_cf/datalake-cleansing/src/master/datalake-cleansing-jobs/src/main/scala/com/goodyear/datalake/cleansing/current/jobs/internal/pointofsale/lookup/PosLookupTask.scala
raw.basketDefinition,clean.basketDefinition,CleansingBasketDefinitionTask,https://bitbucket.org/emea_cf/datalake-cleansing/src/master/datalake-cleansing-jobs/src/main/scala/com/goodyear/datalake/cleansing/current/jobs/internal/pricing/basketdefinition/CleansingBasketDefinitionTask.scala
raw.designMappingGFKGoodyear,clean.designMappingGFKGoodyear,CleansingDesignMappingGFKGoodyearTask,https://bitbucket.org/emea_cf/datalake-cleansing/src/master/datalake-cleansing-jobs/src/main/scala/com/goodyear/datalake/cleansing/current/jobs/internal/pricing/designmappinggfkgoodyear/CleansingDesignMappingGFKGoodyearTask.scala
raw.groupedToBasketSizeTypeMapping,clean.groupedToBasketSizeTypeMapping,CleansingGroupedToBasketSizeTypeMappingTask,https://bitbucket.org/emea_cf/datalake-cleansing/src/master/datalake-cleansing-jobs/src/main/scala/com/goodyear/datalake/cleansing/current/jobs/internal/pricing/groupedtobasketsizetypemapping/CleansingGroupedToBasketSizeTypeMappingTask.scala
raw.platformCustomerMapping,clean.platformCustomerMapping,CleansingPlatformCustomerMappingTask,https://bitbucket.org/emea_cf/datalake-cleansing/src/master/datalake-cleansing-jobs/src/main/scala/com/goodyear/datalake/cleansing/current/jobs/internal/pricing/platformcustomermapping/CleansingPlatformCustomerMappingTask.scala
raw.offersAppBeadbarcode,clean.offersAppBeadbarcode,CleansingOffersAppBeadbarcodeTask,https://bitbucket.org/emea_cf/datalake-cleansing/src/master/datalake-cleansing-jobs/src/main/scala/com/goodyear/datalake/cleansing/current/jobs/internal/pricing/suspiciousoffersapp/beadbarcode/CleansingOffersAppBeadbarcodeTask.scala
raw.offersAppCase,clean.offersAppCase,CleansingOffersAppCaseTask,https://bitbucket.org/emea_cf/datalake-cleansing/src/master/datalake-cleansing-jobs/src/main/scala/com/goodyear/datalake/cleansing/current/jobs/internal/pricing/suspiciousoffersapp/case/CleansingOffersAppCaseTask.scala
raw.offersAppSku,clean.offersAppSku,CleansingOffersAppSkuTask,https://bitbucket.org/emea_cf/datalake-cleansing/src/master/datalake-cleansing-jobs/src/main/scala/com/goodyear/datalake/cleansing/current/jobs/internal/pricing/suspiciousoffersapp/sku/CleansingOffersAppSkuTask.scala
manual.retailCompetitors,clean.retailCompetitors,CompetitorsTask,https://bitbucket.org/emea_cf/datalake-cleansing/src/master/datalake-cleansing-jobs/src/main/scala/com/goodyear/datalake/cleansing/current/jobs/internal/retail/competitors/CompetitorsTask.scala
raw.retailRegionalProductMaster,clean.retailRegionalProductMaster,RegionalProductMasterTask,https://bitbucket.org/emea_cf/datalake-cleansing/src/master/datalake-cleansing-jobs/src/main/scala/com/goodyear/datalake/cleansing/current/jobs/internal/retail/product/RegionalProductMasterTask.scala
manual.oeFitments,clean.oeFitments,CleansingOEFitmentsTask,https://bitbucket.org/emea_cf/datalake-cleansing/src/master/datalake-cleansing-jobs/src/main/scala/com/goodyear/datalake/cleansing/current/jobs/internal/sharepoint/oefitments/CleansingOEFitmentsTask.scala
manual.oeFitments,clean.oeFitmentsRejected,CleansingOEFitmentsTask,https://bitbucket.org/emea_cf/datalake-cleansing/src/master/datalake-cleansing-jobs/src/main/scala/com/goodyear/datalake/cleansing/current/jobs/internal/sharepoint/oefitments/CleansingOEFitmentsTask.scala
raw.bmfWholesalerStockData,clean.bmfWholesalerStockData,CleansingBmfWholesalerStockDataTask,https://bitbucket.org/emea_cf/datalake-cleansing/src/master/datalake-cleansing-jobs/src/main/scala/com/goodyear/datalake/cleansing/current/jobs/internal/stock/bmfwholesalerstockdata/CleansingBmfWholesalerStockDataTask.scala
raw.stockReport,clean.stockReport,CleansingStockReportTask,https://bitbucket.org/emea_cf/datalake-cleansing/src/master/datalake-cleansing-jobs/src/main/scala/com/goodyear/datalake/cleansing/current/jobs/internal/stock/stockreport/CleansingStockReportTask.scala
v.raws,v.cleans,CleansingABHCarParkTask,https://bitbucket.org/emea_cf/datalake-cleansing/src/master/datalake-cleansing-jobs/src/main/scala/com/goodyear/datalake/cleansing/legacy/jobs/external/vehicledata/carpark/abh/CleansingABHCarParkTask.scala
v.raws,v.dirtys,CleansingABHCarParkTask,https://bitbucket.org/emea_cf/datalake-cleansing/src/master/datalake-cleansing-jobs/src/main/scala/com/goodyear/datalake/cleansing/legacy/jobs/external/vehicledata/carpark/abh/CleansingABHCarParkTask.scala
manual.experianTirePark.v2016Q4,cleanLegacy.experianTirePark.v2016Q4,CleansingExperianTirePark2016Task,https://bitbucket.org/emea_cf/datalake-cleansing/src/master/datalake-cleansing-jobs/src/main/scala/com/goodyear/datalake/cleansing/legacy/jobs/external/vehicledata/carpark/experian/CleansingExperianTirePark2016Task.scala
manual.experianTirePark.v2016Q4,cleanLegacy.experianTirePark.v2016Q4Rejected,CleansingExperianTirePark2016Task,https://bitbucket.org/emea_cf/datalake-cleansing/src/master/datalake-cleansing-jobs/src/main/scala/com/goodyear/datalake/cleansing/legacy/jobs/external/vehicledata/carpark/experian/CleansingExperianTirePark2016Task.scala
manual.experianTirePark.v2017Q4,cleanLegacy.experianTirePark.v2017Q4,CleansingExperianTirePark2017Task,https://bitbucket.org/emea_cf/datalake-cleansing/src/master/datalake-cleansing-jobs/src/main/scala/com/goodyear/datalake/cleansing/legacy/jobs/external/vehicledata/carpark/experian/CleansingExperianTirePark2017Task.scala
manual.experianTirePark.v2017Q4,cleanLegacy.experianTirePark.v2017Q4Rejected,CleansingExperianTirePark2017Task,https://bitbucket.org/emea_cf/datalake-cleansing/src/master/datalake-cleansing-jobs/src/main/scala/com/goodyear/datalake/cleansing/legacy/jobs/external/vehicledata/carpark/experian/CleansingExperianTirePark2017Task.scala
manual.experianTirePark.v2019Q4,cleanLegacy.experianTirePark.v2019Q4,CleansingExperianTirePark2019Task,https://bitbucket.org/emea_cf/datalake-cleansing/src/master/datalake-cleansing-jobs/src/main/scala/com/goodyear/datalake/cleansing/legacy/jobs/external/vehicledata/carpark/experian/CleansingExperianTirePark2019Task.scala
manual.experianTirePark.v2019Q4,cleanLegacy.experianTirePark.v2019Q4Rejected,CleansingExperianTirePark2019Task,https://bitbucket.org/emea_cf/datalake-cleansing/src/master/datalake-cleansing-jobs/src/main/scala/com/goodyear/datalake/cleansing/legacy/jobs/external/vehicledata/carpark/experian/CleansingExperianTirePark2019Task.scala
manual.germanTirePark.v2017,cleanLegacy.germanTirePark.v2017,CleansingGermanyTirePark2017Task,https://bitbucket.org/emea_cf/datalake-cleansing/src/master/datalake-cleansing-jobs/src/main/scala/com/goodyear/datalake/cleansing/legacy/jobs/external/vehicledata/carpark/germany/CleansingGermanyTirePark2017Task.scala
manual.tecAllianceCarParkHistorical,cleanLegacy.tecAllianceCarParkHistorical,CleansingTecAllianceCarParkHistoricalTask,https://bitbucket.org/emea_cf/datalake-cleansing/src/master/datalake-cleansing-jobs/src/main/scala/com/goodyear/datalake/cleansing/legacy/jobs/external/vehicledata/carpark/tecalliance/historical/CleansingTecAllianceCarParkHistoricalTask.scala
manual.tecAllianceCarPark.v2016,cleanLegacy.tecAllianceCarPark.v2016,CleansingTecAllianceCarPark2016Task,https://bitbucket.org/emea_cf/datalake-cleansing/src/master/datalake-cleansing-jobs/src/main/scala/com/goodyear/datalake/cleansing/legacy/jobs/external/vehicledata/carpark/tecalliance/year2016/CleansingTecAllianceCarPark2016Task.scala
manual.tecAllianceCarPark.v2017,cleanLegacy.tecAllianceCarPark.v2017,CleansingTecAllianceCarPark2017Task,https://bitbucket.org/emea_cf/datalake-cleansing/src/master/datalake-cleansing-jobs/src/main/scala/com/goodyear/datalake/cleansing/legacy/jobs/external/vehicledata/carpark/tecalliance/year2017/CleansingTecAllianceCarPark2017Task.scala
manual.tecAllianceCarPark.v2018,cleanLegacy.tecAllianceCarPark.v2018,CleansingTecAllianceCarPark2018Task,https://bitbucket.org/emea_cf/datalake-cleansing/src/master/datalake-cleansing-jobs/src/main/scala/com/goodyear/datalake/cleansing/legacy/jobs/external/vehicledata/carpark/tecalliance/year2018/CleansingTecAllianceCarPark2018Task.scala
manual.strimForecast.by2019,cleanLegacy.strimForecast.by2019.link,CleansingForecast2019Task,https://bitbucket.org/emea_cf/datalake-cleansing/src/master/datalake-cleansing-jobs/src/main/scala/com/goodyear/datalake/cleansing/legacy/jobs/external/vehicledata/strimforecast/CleansingForecast2019Task.scala
manual.strimForecast.by2019,cleanLegacy.strimForecast.by2019Rejected.link,CleansingForecast2019Task,https://bitbucket.org/emea_cf/datalake-cleansing/src/master/datalake-cleansing-jobs/src/main/scala/com/goodyear/datalake/cleansing/legacy/jobs/external/vehicledata/strimforecast/CleansingForecast2019Task.scala
manual.strimForecast.by2020,cleanLegacy.strimForecast.by2020.link,CleansingForecast2020Task,https://bitbucket.org/emea_cf/datalake-cleansing/src/master/datalake-cleansing-jobs/src/main/scala/com/goodyear/datalake/cleansing/legacy/jobs/external/vehicledata/strimforecast/CleansingForecast2020Task.scala
manual.strimForecast.by2020,cleanLegacy.strimForecast.by2020Rejected.link,CleansingForecast2020Task,https://bitbucket.org/emea_cf/datalake-cleansing/src/master/datalake-cleansing-jobs/src/main/scala/com/goodyear/datalake/cleansing/legacy/jobs/external/vehicledata/strimforecast/CleansingForecast2020Task.scala
manual.strimForecast.by2021,cleanLegacy.strimForecast.by2021.link,CleansingForecast2021Task,https://bitbucket.org/emea_cf/datalake-cleansing/src/master/datalake-cleansing-jobs/src/main/scala/com/goodyear/datalake/cleansing/legacy/jobs/external/vehicledata/strimforecast/CleansingForecast2021Task.scala
manual.strimForecast.by2021,cleanLegacy.strimForecast.by2021Rejected.link,CleansingForecast2021Task,https://bitbucket.org/emea_cf/datalake-cleansing/src/master/datalake-cleansing-jobs/src/main/scala/com/goodyear/datalake/cleansing/legacy/jobs/external/vehicledata/strimforecast/CleansingForecast2021Task.scala
